DateTime,PairID,PairName,Open,High,Low,Close,Volume,Spread,SMA_10,SMA_50,EMA_10,EMA_20,RSI_14,MACD,MACD_Signal,MACD_Histogram,BB_Middle,BB_Upper,BB_Lower,ATR_14,Tenkan,Kijun,Senkou_A,Senkou_B,Chikou,Signal,State,RL_Signal
2023-01-01 00:00:00,1,EUR/USD,1.08103,1.08103,1.08019,1.08054,2651,0.9,,,1.08054,1.08054,0.0,0.0,0.0,0.0,,,,,,,,,1.07511,HOLD,0,HOLD
2023-01-01 01:00:00,1,EUR/USD,1.0801,1.08043,1.07974,1.08028,2292,1.0,,,1.0804927272727272,1.080515238095238,0.0,-2.0740740740876618e-05,-4.148148148175324e-06,-1.6592592592701295e-05,,,,,,,,,1.07369,HOLD,0,HOLD
2023-01-01 02:00:00,1,EUR/USD,1.08036,1.08158,1.07961,1.08054,1796,1.2,,,1.0805013223140494,1.080517596371882,51.85040417674948,-1.601350638402721e-05,-6.5212197953457015e-06,-9.492286588681507e-06,,,,,,,,,1.07401,HOLD,8,SELL
2023-01-01 03:00:00,1,EUR/USD,1.08068,1.08126,1.07973,1.08088,4019,1.4,,,1.080570172802404,1.0805521110031313,72.17100673056686,1.499516448100202e-05,-2.217942940076157e-06,1.721310742107818e-05,,,,,,,,,1.07471,HOLD,11,HOLD
2023-01-01 04:00:00,1,EUR/USD,1.08042,1.08042,1.07967,1.0803,2207,1.6,,,1.0805210504746945,1.0805281004314045,40.65244093271949,-7.148984151550408e-06,-3.2041511823710075e-06,-3.9448329691794e-06,,,,,,,,,1.07559,HOLD,2,HOLD
2023-01-01 05:00:00,1,EUR/USD,1.07981,1.08053,1.07981,1.07998,2972,1.9,,,1.0804226776611134,1.0804759003903184,32.27705447084843,-4.994398397317745e-05,-1.2552117740532298e-05,-3.739186623264515e-05,,,,,,,,,1.07472,HOLD,0,HOLD
2023-01-01 06:00:00,1,EUR/USD,1.08023,1.08153,1.08023,1.08087,1534,2.0,,,1.0805040089954565,1.0805134336864786,58.12020483151958,-1.190651677940302e-05,-1.2422997548306444e-05,5.164807689034239e-07,,,,,,,,,1.07443,HOLD,8,HOLD
2023-01-01 07:00:00,1,EUR/USD,1.08075,1.0812,1.08061,1.08108,1350,1.1,,,1.080608734632646,1.0805673923830044,61.82216519907716,3.47827411848467e-05,-2.981849801675815e-06,3.776459098652252e-05,,,,,,,,,1.07495,HOLD,11,HOLD
2023-01-01 08:00:00,1,EUR/USD,1.08001,1.08116,1.08001,1.08058,3505,0.9,,,1.080603510153983,1.0805685931084326,50.39896119762824,3.108021974718156e-05,3.83056410809566e-06,2.72496556390859e-05,,,,,1.080595,,,,1.07447,HOLD,9,SELL
2023-01-01 09:00:00,1,EUR/USD,1.08046,1.08048,1.07969,1.08017,4348,0.9,1.080522,,1.080524690125986,1.0805306318600103,43.32894284815341,-4.881359381814221e-06,2.0881794101136835e-06,-6.969538791927905e-06,,,,,1.080595,,,,1.07489,HOLD,2,HOLD
2023-01-01 10:00:00,1,EUR/USD,1.07958,1.07958,1.07908,1.07926,2345,1.2,1.080394,,1.080294746466716,1.080409619301914,32.44871301763446,-0.0001055933503304,-1.9448126537998308e-05,-8.614522379244795e-05,,,,,1.08033,,,,1.07605,HOLD,0,HOLD
2023-01-01 11:00:00,1,EUR/USD,1.07933,1.0797,1.07858,1.07906,3457,1.4,1.080272,,1.080070247109131,1.0802810841303032,30.6283478057252,-0.0001992498292753,-5.5408467085464153e-05,-0.0001438413621898,,,,,1.0800550000000002,,,,1.0766,HOLD,0,HOLD
2023-01-01 12:00:00,1,EUR/USD,1.07995,1.07995,1.07926,1.07945,2928,1.4,1.080163,,1.0799574749074707,1.0802019332607504,37.93960450423408,-0.0002392456480579,-9.217590327997036e-05,-0.000147069744778,,,,,1.0800550000000002,,,,1.07763,HOLD,0,HOLD
2023-01-01 13:00:00,1,EUR/USD,1.08068,1.08136,1.08068,1.08114,5020,1.4,1.080189,,1.0801724794697487,1.0802912729502028,58.39988038992091,-0.0001330401425676,-0.0001003487511375,-3.269139143014614e-05,,,,0.0011614285714286,1.0800550000000002,,,,1.07737,HOLD,8,HOLD
2023-01-01 14:00:00,1,EUR/USD,1.08073,1.0811,1.0801,1.0809,1989,1.9,1.080249,,1.0803047559297942,1.0803492469549454,55.59666250659034,-6.74598731087439e-05,-9.377097553175431e-05,2.631110242301042e-05,,,,0.0011757142857143,1.0800550000000002,,,,1.07687,HOLD,8,HOLD
2023-01-01 15:00:00,1,EUR/USD,1.08044,1.08063,1.07973,1.08036,3488,1.0,1.0802869999999998,,1.0803148003061953,1.0803502710544743,49.80403474779126,-5.8387469707987805e-05,-8.669427436700102e-05,2.8306804659013214e-05,,,,0.0012021428571428,1.07997,,,,1.0776,HOLD,8,SELL
2023-01-01 16:00:00,1,EUR/USD,1.08036,1.08099,1.08009,1.08047,2450,1.8,1.080247,,1.0803430184323417,1.0803616738111912,50.92569104715496,-4.183914830080404e-05,-7.772324915376163e-05,3.588410085295759e-05,,,,0.0011257142857143,1.07997,,,,1.07542,HOLD,8,SELL
2023-01-01 17:00:00,1,EUR/USD,1.07876,1.08032,1.0787,1.07888,2579,1.2,1.080027,,1.0800770150810068,1.0802205620196492,37.78307987998036,-0.0001552347466478,-9.322554865256997e-05,-6.200919799523327e-05,,,,0.0011428571428571,1.07997,,,,1.07529,HOLD,0,HOLD
2023-01-01 18:00:00,1,EUR/USD,1.07877,1.07893,1.07769,1.07871,3390,2.0,1.07984,,1.07982846688446,1.080076698970159,36.69273576560665,-0.0002558696485246,-0.0001257543686269,-0.0001301152798976,,,,0.0011449999999999,1.079525,,,,1.07719,HOLD,0,HOLD
2023-01-01 19:00:00,1,EUR/USD,1.07828,1.07864,1.07773,1.07863,1814,0.8,1.079686,,1.079610563814558,1.079938918115858,36.1638408411196,-0.000338180530069,-0.0001682396009154,-0.0001699409291536,1.080104,1.0817319066312292,1.0784760933687707,0.0011635714285714,1.079525,,,,1.0783,HOLD,0,HOLD
2023-01-01 20:00:00,1,EUR/USD,1.07879,1.08002,1.07859,1.07869,2929,2.0,1.0796290000000002,,1.0794431885755476,1.079819973533395,36.89846551662024,-0.0003940288785144,-0.0002133974564352,-0.0001806314220792,1.0800115,1.081742094969185,1.0782809050308149,0.0011549999999999,1.079525,,,,1.07481,HOLD,0,HOLD
2023-01-01 21:00:00,1,EUR/USD,1.07718,1.07785,1.07681,1.07743,4387,1.7,1.079466,,1.0790771542890845,1.0795923570064052,29.27845818440889,-0.0005338071699916,-0.0002774793991464,-0.0002563277708451,1.079869,1.081941983103493,1.0777960168965066,0.0012471428571428,1.079085,,,,1.07327,HOLD,0,HOLD
2023-01-01 22:00:00,1,EUR/USD,1.07965,1.0797,1.07863,1.07895,1816,0.8,1.0794160000000002,,1.0790540353274327,1.0795311801486522,44.23865967021622,-0.0005159832425736,-0.0003251801678319,-0.0001908030747417,1.0797895,1.0818760430993064,1.0777029569006935,0.0013271428571428,1.078955,,,,1.07222,HOLD,2,HOLD
2023-01-01 23:00:00,1,EUR/USD,1.07834,1.07925,1.07786,1.07833,2483,1.1,1.079135,,1.0789223925406266,1.0794167820392568,40.47741095661567,-0.0005455971656211,-0.0003692635673897,-0.0001763335982314,1.079662,1.081779382694197,1.0775446173058032,0.0013628571428571,1.0789,,,,1.0718,HOLD,2,HOLD
2023-01-02 00:00:00,1,EUR/USD,1.07769,1.07769,1.07669,1.07719,2014,1.9,1.078764,,1.0786074120786946,1.0792047075593276,34.64476934602632,-0.0006535214966056,-0.0004261151532329,-0.0002274063433727,1.0795065,1.0818691860272067,1.0771438139727931,0.0014021428571428,1.07884,,,,1.07164,HOLD,0,HOLD
2023-01-02 01:00:00,1,EUR/USD,1.07718,1.07718,1.07654,1.07684,3878,1.5,1.078412,,1.0782860644280228,1.0789794973155822,33.06924339623717,-0.0007585502858773,-0.0004926021797618,-0.0002659481061155,1.0793495,1.0819816452127595,1.0767173547872404,0.0013685714285714,1.07843,1.07906,,,1.07111,HOLD,0,HOLD
2023-01-02 02:00:00,1,EUR/USD,1.07536,1.07536,1.07497,1.07511,1606,1.7,1.0778760000000005,,1.0777085981683825,1.078610973761717,26.624195701009967,-0.000970199049143,-0.000588121553638,-0.0003820774955049,1.0790615,1.0822041256203174,1.0759188743796828,0.0014385714285714,1.077495,1.078275,,,1.07198,HOLD,0,HOLD
2023-01-02 03:00:00,1,EUR/USD,1.07376,1.07402,1.07304,1.07369,4553,0.8,1.077357,,1.076977943955949,1.0781423095939344,22.711510746091136,-0.0012382406836199,-0.0007181453796344,-0.0005200953039855,1.0786919999999998,1.0825022222617862,1.0748817777382134,0.0014499999999999,1.07653,1.07731,,,1.07264,HOLD,0,HOLD
2023-01-02 04:00:00,1,EUR/USD,1.07416,1.07439,1.073,1.07401,1643,1.7,1.076887,,1.07643831778214,1.077748756299274,25.373089943376897,-0.0014086067427274,-0.000856237652253,-0.0005523690904744,1.0783635,1.082597643298672,1.074129356701328,0.0014749999999999,1.07651,1.077265,,,1.0724,HOLD,0,HOLD
2023-01-02 05:00:00,1,EUR/USD,1.07496,1.07511,1.0741,1.07471,5620,1.8,1.076495,,1.0761240781853871,1.0774593509374384,30.97294499264284,-0.0014701914700312,-0.0009790284158087,-0.0004911630542225,1.0780904999999998,1.0825331614830116,1.073647838516988,0.00147,1.07635,1.077265,,,1.07243,HOLD,0,HOLD
2023-01-02 06:00:00,1,EUR/USD,1.07535,1.07661,1.07535,1.07559,1910,2.0,1.076185,,1.0760269730607712,1.0772813175148253,37.33870051053144,-0.0014314878635595,-0.0010695203053588,-0.0003619675582006,1.0779070000000002,1.0824483473539777,1.073365652646023,0.0015414285714285,1.07635,1.077265,,,1.07253,HOLD,0,HOLD
2023-01-02 07:00:00,1,EUR/USD,1.07511,1.07519,1.07459,1.07472,3900,1.4,1.075914,,1.0757893415951765,1.0770373825134132,34.00032165935177,-0.0014542529825509,-0.0011464668407972,-0.0003077861417536,1.07769,1.0824105931830657,1.0729694068169344,0.0014864285714285,1.076125,1.077265,,,1.07123,HOLD,0,HOLD
2023-01-02 08:00:00,1,EUR/USD,1.07416,1.07589,1.0741,1.07443,1745,1.9,1.075462,,1.0755421885778715,1.0767890603692785,32.94300739354894,-0.0014786501215608,-0.00121290349695,-0.0002657466246108,1.077439,1.082297394363314,1.072580605636686,0.0015257142857143,1.075345,1.07718,,,1.07227,HOLD,0,HOLD
2023-01-02 09:00:00,1,EUR/USD,1.07481,1.07502,1.07455,1.07495,4396,1.3,1.075124,,1.0754345179273497,1.0766139117626805,36.74163793212468,-0.0014394324940438,-0.0012582092963687,-0.000181223197675,1.0771295,1.0817793646273457,1.0724796353726544,0.0014978571428571,1.07509,1.07718,,,1.07167,HOLD,0,HOLD
2023-01-02 10:00:00,1,EUR/USD,1.07407,1.07493,1.07407,1.07447,3250,1.5,1.074852,,1.0752591510314675,1.0764097296900443,34.7829156706253,-0.0014305932417835,-0.0012926860854517,-0.0001379071563317,1.076808,1.0812444499795515,1.0723715500204485,0.0014585714285714,1.074805,1.07718,,,1.07012,HOLD,0,HOLD
2023-01-02 11:00:00,1,EUR/USD,1.07523,1.07523,1.07445,1.07489,3058,1.7,1.074657,,1.0751920326621098,1.0762649935290878,37.90238326977397,-0.0013738605713027,-0.0013089209826219,-6.493958868080112e-05,1.0765345,1.080716060902218,1.072352939097782,0.00138,1.074805,1.07718,,,1.0717,HOLD,0,HOLD
2023-01-02 12:00:00,1,EUR/USD,1.07575,1.07662,1.07531,1.07605,3856,1.8,1.0747509999999998,,1.0753480267235442,1.076244517954889,45.63664665445284,-0.0012212197545864,-0.0012913807370148,7.016098242838918e-05,1.0763135,1.080064307772651,1.0725626922273488,0.0013414285714286,1.0748099999999998,1.07718,,,1.07204,HOLD,2,BUY
2023-01-02 13:00:00,1,EUR/USD,1.07707,1.07707,1.07613,1.0766,2991,1.6,1.075042,,1.0755756582283542,1.0762783733877566,48.88723699317635,-0.0010438376930044,-0.0012418721282127,0.0001980344352083,1.0761995,1.0797553963634194,1.0726436036365803,0.001315,1.07557,1.07718,,,1.07247,HOLD,8,SELL
2023-01-02 14:00:00,1,EUR/USD,1.07787,1.07798,1.07746,1.07763,2025,1.5,1.075404,,1.075949174914108,1.0764070997317796,54.38767858142318,-0.0008108023149215,-0.0011556581655545,0.0003448558506329,1.0761455,1.079571293646044,1.072719706353956,0.0012964285714285,1.076025,1.07718,,,1.07258,HOLD,8,SELL
2023-01-02 15:00:00,1,EUR/USD,1.0768,1.0774,1.0768,1.07737,3564,1.5,1.07567,,1.0762075067479064,1.0764988045192292,52.84182316350184,-0.0006397255678205,-0.0010524716460077,0.0004127460781871,1.0760825,1.0793590056804006,1.0728059943195996,0.0013092857142857,1.076025,1.0770499999999998,,,1.07361,HOLD,8,SELL
2023-01-02 16:00:00,1,EUR/USD,1.07652,1.07745,1.07652,1.07687,2084,1.5,1.075798,,1.0763279600664688,1.0765341564697788,49.904264506211526,-0.0005382867993757,-0.0009496346766813,0.0004113478773055,1.0759915000000002,1.0790574094984435,1.072925590501557,0.0012421428571428,1.076025,1.076995,,,1.0727,HOLD,8,SELL
2023-01-02 17:00:00,1,EUR/USD,1.07804,1.07888,1.0766,1.0776,4511,2.0,1.076086,,1.0765592400543835,1.076635665377419,53.931003501266936,-0.00039444404006,-0.000838596549357,0.000444152509297,1.076,1.0790835932559977,1.0729164067440025,0.0012571428571428,1.076475,1.076995,,,1.07287,HOLD,8,SELL
2023-01-02 18:00:00,1,EUR/USD,1.07569,1.07569,1.07506,1.07542,2005,0.8,1.0761850000000002,,1.076352105499041,1.076519887722427,42.85317096772676,-0.0004511547666352,-0.0007611081928127,0.0003099534261774,1.0758234999999998,1.0785832274846414,1.0730637725153582,0.0013392857142857,1.076475,1.07666,,,1.07145,HOLD,2,HOLD
2023-01-02 19:00:00,1,EUR/USD,1.07518,1.07571,1.0744,1.07529,2542,1.1,1.076219,,1.0761589954083064,1.0764027555583862,42.29523745900986,-0.0005008152530789,-0.0007090496048659,0.0002082343517869,1.0756715,1.078172718860773,1.0731702811392267,0.0013542857142857,1.07664,1.07651,,,1.0729,HOLD,2,HOLD
2023-01-02 20:00:00,1,EUR/USD,1.07749,1.07749,1.07651,1.07719,8613,1.3,1.076491,,1.0763464507886142,1.0764777312194922,52.10917224801715,-0.0003824487937049,-0.0006437294426337,0.0002612806489287,1.0756715,1.078172718860773,1.0731702811392267,0.0013757142857143,1.07664,1.07651,,,1.07291,HOLD,8,SELL
2023-01-02 21:00:00,1,EUR/USD,1.07823,1.0787,1.07761,1.0783,7600,0.9,1.076832,,1.076701641554321,1.0766512806271595,56.73820025063311,-0.0001968061398509,-0.0005543447820772,0.0003575386422262,1.0757445,1.078464929339183,1.0730240706608172,0.0014121428571428,1.07664,1.07651,,,1.07275,HOLD,8,HOLD
2023-01-02 22:00:00,1,EUR/USD,1.0744,1.07536,1.0744,1.07481,6742,1.6,1.076708,,1.0763577067262624,1.07647592056743,42.74758700734306,-0.0003275213695681,-0.0005089800995753,0.0001814587300072,1.0757295,1.0784679088733986,1.0729910911266014,0.0015628571428571,1.07664,1.07635,,,1.07311,HOLD,2,HOLD
2023-01-02 23:00:00,1,EUR/USD,1.07329,1.07334,1.07302,1.07327,9643,1.8,1.076375,,1.0757963055033055,1.0761705947991036,38.26394366586835,-0.0005490501521723,-0.0005169941100947,-3.205604207754461e-05,1.0757085,1.0785182744805577,1.0728987255194424,0.0016485714285714,1.0759500000000002,1.07635,,,1.07318,HOLD,0,HOLD
2023-01-03 00:00:00,1,EUR/USD,1.07202,1.07246,1.07202,1.07222,3086,1.9,1.075834,,1.075146068139068,1.0757943476753793,35.52778674884647,-0.000800116290655,-0.0005736185462068,-0.0002264977444481,1.075619,1.078752015362741,1.0724859846372592,0.0016749999999999,1.07545,1.075635,,,1.07387,HOLD,0,HOLD
2023-01-03 01:00:00,1,EUR/USD,1.07161,1.07282,1.07112,1.0718,8566,1.5,1.075277,1.07753,1.0745376921137828,1.0754139336110575,34.466118228157995,-0.0010212066693446,-0.0006631361708344,-0.0003580704985102,1.0754735,1.0790264100007878,1.071920589999212,0.0017407142857142,1.0750000000000002,1.0750000000000002,,,1.07199,SELL,0,HOLD
2023-01-03 02:00:00,1,EUR/USD,1.07144,1.07196,1.07144,1.07164,2686,1.8,1.074754,1.077352,1.074010839002186,1.0750545113623855,34.04869338420869,-0.0011955514769295,-0.0007696192320534,-0.000425932244876,1.075276,1.0792193376191954,1.0713326623808048,0.0016542857142857,1.07491,1.0750000000000002,,,1.07373,SELL,0,HOLD
2023-01-03 03:00:00,1,EUR/USD,1.07142,1.07145,1.07092,1.07111,6162,1.9,1.074105,1.0771686,1.073483413729061,1.0746788436135868,32.63857434643472,-0.0013608010956707,-0.0008878556047768,-0.0004729454908938,1.0750955,1.0794545654478869,1.070736434552113,0.0016328571428571,1.07481,1.0749,1.078745,,1.0737,SELL,0,HOLD
2023-01-03 04:00:00,1,EUR/USD,1.0718,1.07232,1.07154,1.07198,4331,2.0,1.073761,1.0769974,1.0732100657783226,1.074421810888483,37.233812519403344,-0.0014053607559874,-0.0009913566350189,-0.0004140041209684,1.074973,1.0795433902862266,1.070402609713773,0.0016207142857142,1.07481,1.0749,1.077885,,1.07409,SELL,0,HOLD
2023-01-03 05:00:00,1,EUR/USD,1.07242,1.0736,1.07198,1.07264,5329,1.9,1.073496,1.0768326,1.0731064174549911,1.0742521146133897,40.54724336953812,-0.001371607090925,-0.0010674067262002,-0.0003042003647248,1.0748574999999998,1.0795455761400332,1.0701694238599664,0.0016771428571428,1.07481,1.0749,1.07692,,1.07512,SELL,2,HOLD
2023-01-03 06:00:00,1,EUR/USD,1.07267,1.07299,1.07196,1.0724,5725,1.2,1.073017,1.0766745999999998,1.07297797791772,1.0740757227454478,39.72598274529501,-0.0013486763608514,-0.0011236606531304,-0.0002250157077209,1.074754,1.0795678108330984,1.0699401891669016,0.0016842857142857,1.07314,1.0749,1.0768875,,1.075,SELL,0,HOLD
2023-01-03 07:00:00,1,EUR/USD,1.07234,1.07255,1.07197,1.07243,2193,1.9,1.07243,1.0765236,1.0728783455690436,1.0739189872458814,39.88987204498572,-0.0013129479955704,-0.0011615181216184,-0.000151429873952,1.074631,1.0795546396464846,1.0697073603535157,0.0015628571428571,1.07226,1.0749,1.0768075,,1.07504,SELL,0,HOLD
2023-01-03 08:00:00,1,EUR/USD,1.0732,1.0732,1.07209,1.07253,1802,1.6,1.072202,1.0763568,1.0728150100110356,1.0737867027462735,40.47093016608535,-0.0012620161082923,-0.0011816177189532,-8.039838933911365e-05,1.074455,1.0794165723314302,1.0694934276685697,0.0014607142857142,1.07226,1.0749,1.0768075,,1.07447,SELL,2,HOLD
2023-01-03 09:00:00,1,EUR/USD,1.071,1.07164,1.07087,1.07123,2967,1.5,1.071998,1.0761598,1.0725268263726653,1.0735432072466289,35.64675394968516,-0.001311433961755,-0.0012075809675135,-0.0001038529942414,1.0741865000000002,1.0792396794056096,1.0691333205943907,0.0014857142857142,1.072235,1.074875,1.076695,,1.07594,SELL,0,HOLD
2023-01-03 10:00:00,1,EUR/USD,1.07217,1.07235,1.07183,1.07227,3664,1.5,1.072003,1.0759936,1.0724801306685443,1.0734219494136163,41.64008999178131,-0.0012522435738779,-0.0012165134887864,-3.5730085091510754e-05,1.0739185,1.0787671190112034,1.0690698809887966,0.0014085714285714,1.072235,1.074875,1.0762625,,1.0758,SELL,2,HOLD
2023-01-03 11:00:00,1,EUR/USD,1.07185,1.0719,1.07156,1.07167,4611,0.9,1.07199,1.0758236,1.0723328341833545,1.07325509708851,39.36245613398609,-0.0012394620041866,-0.0012211031918665,-1.835881232015949e-05,1.0736335,1.0782943482399454,1.0689726517600544,0.0013514285714285,1.072235,1.074875,1.0761349999999998,,1.07427,SELL,0,HOLD
2023-01-03 12:00:00,1,EUR/USD,1.07005,1.07087,1.06973,1.07012,3482,1.3,1.071838,1.0756408,1.0719305006954718,1.0729565164134138,34.16367514824793,-0.0013389697543806,-0.0012446765043693,-9.429325001129646e-05,1.073296,1.077947616131152,1.0686443838688482,0.0012114285714285,1.071665,1.074305,1.0759925,,1.07608,SELL,0,HOLD
2023-01-03 13:00:00,1,EUR/USD,1.07148,1.07186,1.07148,1.0717,2909,0.9,1.071897,1.0754936,1.071888591478113,1.0728368481835648,42.50037110297637,-0.0012756328663061,-0.0012508677767567,-2.476508954945937e-05,1.073001,1.07723272429706,1.06876927570294,0.0012078571428571,1.071665,1.074305,1.0759925,,1.07515,SELL,2,HOLD
2023-01-03 14:00:00,1,EUR/USD,1.07253,1.07253,1.07176,1.07204,2823,1.1,1.071903,1.0753454,1.0719161203002745,1.072760957880368,44.13959438932158,-0.001184350314495,-0.0012375642843043,5.32139698093308e-05,1.072832,1.0769246460363633,1.0687393539636367,0.0011778571428571,1.071465,1.074305,1.0759949999999998,,1.07615,HOLD,2,HOLD
2023-01-03 15:00:00,1,EUR/USD,1.07249,1.07266,1.07223,1.07247,4874,2.0,1.071886,1.075172,1.0720168257002245,1.0727332476060472,46.227484903019054,-0.0010650337817141,-0.0012030581837863,0.0001380244020721,1.072691,1.0766180446903508,1.0687639553096493,0.0011007142857142,1.071465,1.074305,1.076375,,1.07563,HOLD,2,BUY
2023-01-03 16:00:00,1,EUR/USD,1.07274,1.07299,1.07256,1.07258,6158,1.3,1.071904,1.0750056,1.0721192210274564,1.0727186525959471,46.77553615319843,-0.0009506401018235,-0.0011525745673937,0.0002019344655702,1.0724605,1.0757679618985772,1.069153038101423,0.0011007142857142,1.071465,1.074305,1.0766025,,1.07537,HOLD,2,BUY
2023-01-03 17:00:00,1,EUR/USD,1.07357,1.07425,1.07263,1.07361,4856,1.5,1.072022,1.0748706,1.072390271749737,1.0728035428249048,51.73593797303765,-0.0007680166762475,-0.0010756629891645,0.0003076463129169,1.072226,1.0741771659132593,1.0702748340867403,0.0011685714285713,1.07199,1.074305,1.0765375,,1.07432,HOLD,8,SELL
2023-01-03 18:00:00,1,EUR/USD,1.07253,1.07303,1.07156,1.0727,2039,2.0,1.072039,1.0747152000000002,1.072446585977057,1.072793681603485,47.52198366402178,-0.0006887759106111,-0.0009982855734538,0.0003095096628427,1.0721205,1.0736702704414092,1.070570729558591,0.0012285714285713,1.07199,1.074305,1.07651,,1.0735,HOLD,2,BUY
2023-01-03 19:00:00,1,EUR/USD,1.07305,1.07389,1.07267,1.07287,4842,1.0,1.072203,1.074595,1.072523570344865,1.072800950022201,48.368051819476776,-0.0006052821379831,-0.0009196848863597,0.0003144027483765,1.0721005,1.073597225900446,1.0706037740995542,0.0011999999999999,1.07199,1.074215,1.076735,,1.07253,HOLD,8,SELL
2023-01-03 20:00:00,1,EUR/USD,1.0713,1.07243,1.07082,1.07145,1265,2.0,1.072121,1.0744497999999998,1.0723283757367077,1.0726722881153248,42.24177245343447,-0.000646245340192,-0.0008649969771261,0.0002187516369341,1.072062,1.0735851629141926,1.0705388370858075,0.001272857142857,1.07199,1.074215,1.0765675,,1.0716,HOLD,2,HOLD
2023-01-03 21:00:00,1,EUR/USD,1.07211,1.07305,1.07211,1.0729,1899,1.1,1.072244,1.0743352,1.0724323074209423,1.0726939749614843,49.3030570881831,-0.0005553048822055,-0.000803058558142,0.0002477536759365,1.072117,1.073679266908934,1.070554733091066,0.0013457142857142,1.072535,1.074215,1.076575,,1.07039,HOLD,8,SELL
2023-01-03 22:00:00,1,EUR/USD,1.07311,1.07311,1.07266,1.07291,1747,1.9,1.072523,1.0742196,1.0725191606171347,1.0727145487746763,49.34904377213706,-0.0004769292540711,-0.0007378326973278,0.0002609034432567,1.0721805,1.0737642261193354,1.0705967738806643,0.0012985714285713,1.072535,1.074215,1.076575,,1.07079,HOLD,8,SELL
2023-01-03 23:00:00,1,EUR/USD,1.07309,1.07349,1.07247,1.07275,6442,1.2,1.072628,1.074126,1.072561131414019,1.07271792508185,48.58951797163632,-0.0004228522889624,-0.0006748366156547,0.0002519843266923,1.0722625,1.073781348247855,1.070743651752145,0.0012528571428571,1.072535,1.072545,1.076575,,1.07106,HOLD,8,SELL
2023-01-04 00:00:00,1,EUR/USD,1.07315,1.07351,1.07228,1.07311,5375,1.5,1.072735,1.0740092,1.0726609257023794,1.072755265550245,50.43783850087203,-0.0003469475181339,-0.0006092587961506,0.0002623112780167,1.072319,1.0738771622103287,1.0707608377896711,0.0012607142857142,1.072535,1.07199,1.076495,,1.07137,HOLD,8,SELL
2023-01-04 01:00:00,1,EUR/USD,1.07285,1.07373,1.07285,1.07318,2605,0.8,1.072806,1.0739062,1.0727553028474013,1.0727957164502218,50.80817244766131,-0.0002779401048849,-0.0005429950578974,0.0002650549530125,1.072346,1.0739457420844791,1.0707462579155207,0.0012728571428571,1.072535,1.07199,1.0761500000000002,,1.07094,HOLD,8,SELL
2023-01-04 02:00:00,1,EUR/USD,1.07409,1.07461,1.07336,1.07387,5060,1.3,1.072935,1.0738398,1.0729579750569649,1.0728980291692485,54.42332956258361,-0.0001656643240788,-0.0004675289111337,0.0003018645870549,1.0724195,1.0741586888611503,1.07068031113885,0.0012364285714285,1.072715,1.07217,1.0755425,,1.07129,HOLD,8,SELL
2023-01-04 03:00:00,1,EUR/USD,1.07205,1.07246,1.07191,1.07199,1006,1.7,1.072773,1.0737428,1.072781979592062,1.0728115502007485,44.76929594996972,-0.0002257825661926,-0.0004191796421455,0.0001933970759528,1.0723975,1.0741472293023753,1.0706477706976243,0.0012521428571428,1.072715,1.07217,1.0750000000000002,,1.07211,HOLD,2,HOLD
2023-01-04 04:00:00,1,EUR/USD,1.07371,1.07447,1.07282,1.07373,3612,1.4,1.0728760000000002,1.0737152,1.0729543469389595,1.072899021610201,53.067318913194725,-0.000131507313533,-0.000361645176423,0.0002301378628899,1.0724575,1.07430587766704,1.07060912233296,0.0013699999999999,1.072715,1.07217,1.074955,,1.07279,HOLD,8,SELL
2023-01-04 05:00:00,1,EUR/USD,1.07366,1.0743,1.07292,1.0737,2870,1.0,1.072959,1.0737154,1.073089920222785,1.0729753052663724,52.91968617279053,-5.853943964284625e-05,-0.0003010240290669,0.0002424845894241,1.072581,1.0744140520996446,1.0707479479003554,0.0014242857142857,1.07326,1.07217,1.074855,1.07625,1.07188,HOLD,8,SELL
2023-01-04 06:00:00,1,EUR/USD,1.07375,1.07459,1.07375,1.07409,2888,1.6,1.073223,1.0737169999999998,1.0732717529095512,1.0730814666695752,54.684561130208046,3.0407349754124624e-05,-0.0002347377533027,0.0002651451030568,1.072672,1.074617311232036,1.0707266887679645,0.0014507142857142,1.07326,1.07217,1.074855,1.07625,1.07159,HOLD,9,SELL
2023-01-04 07:00:00,1,EUR/USD,1.07485,1.07536,1.07485,1.07512,2254,0.9,1.073445,1.0737252000000002,1.0736077978350873,1.073275612701044,59.05053169655926,0.0001819137249254,-0.0001514074576571,0.0003333211825826,1.0728445,1.0750145688807913,1.070674431119209,0.0014221428571428,1.073635,1.072545,1.074855,1.07625,1.0706,HOLD,9,HOLD
2023-01-04 08:00:00,1,EUR/USD,1.07461,1.07556,1.07461,1.075,7961,0.8,1.073654,1.0737134,1.073860925501435,1.0734398400628495,58.345233412265465,0.0002889695604595,-6.333205403378955e-05,0.0003523016144933,1.0730885,1.075056734849062,1.0711202651509375,0.0013435714285714,1.073735,1.072645,1.07402,1.076225,1.0687,HOLD,9,HOLD
2023-01-04 09:00:00,1,EUR/USD,1.07531,1.07531,1.07439,1.07504,2185,1.7,1.073883,1.0737198,1.074075302682992,1.07359223624734,58.52306143440824,0.000372742997867,2.388295634637801e-05,0.0003488600415206,1.0732555,1.0752932435921574,1.0712177564078424,0.0013221428571428,1.073735,1.072645,1.07358,1.076225,1.06749,BUY,9,HOLD
2023-01-04 10:00:00,1,EUR/USD,1.07373,1.07478,1.07373,1.07447,1397,1.4,1.074019,1.0737206,1.0741470658315388,1.0736758327952125,54.92459175152792,0.0003886595884527,9.68382827676624e-05,0.0002918213056851,1.0733770000000002,1.0753993082174405,1.07135469178256,0.0012692857142857,1.073735,1.072645,1.07358,1.076225,1.06665,BUY,9,SELL
2023-01-04 11:00:00,1,EUR/USD,1.07595,1.07639,1.07541,1.07594,4838,1.4,1.074295,1.0737404000000002,1.074473053862168,1.073891467767097,61.49941482367068,0.000513965639898,0.0001802637541937,0.0003337018857042,1.0735505,1.0758248649200346,1.0712761350799656,0.0012921428571428,1.07415,1.07306,1.073555,1.0762,1.06611,BUY,11,HOLD
2023-01-04 12:00:00,1,EUR/USD,1.07586,1.07631,1.07493,1.0758,2042,0.8,1.074488,1.073767,1.0747143167963191,1.0740732327416591,60.59292040840935,0.0005951146472706,0.0002632339328091,0.0003318807144615,1.0737115,1.0761467868630354,1.0712762131369644,0.0013585714285714,1.074605,1.07306,1.073555,1.0761150000000002,1.06594,BUY,11,HOLD
2023-01-04 13:00:00,1,EUR/USD,1.07402,1.07484,1.07392,1.07427,2501,1.9,1.074716,1.0737546,1.0746335319242613,1.0740919724805489,51.63541495644332,0.0005298597140468,0.0003165590890566,0.0002133006249901,1.0737445,1.0761918528126293,1.071297147187371,0.00142,1.074655,1.07306,1.073555,1.0761150000000002,1.06602,BUY,9,SELL
2023-01-04 14:00:00,1,EUR/USD,1.07656,1.07656,1.07608,1.07608,3098,1.5,1.074951,1.0737552,1.07489652611985,1.074281308434782,59.300626045924695,0.0006170832311616,0.0003766639174776,0.0002404193136839,1.0739135000000002,1.076518865112308,1.0713081348876925,0.0014957142857142,1.075145,1.07369,1.072985,1.075545,1.06575,BUY,9,HOLD
2023-01-04 15:00:00,1,EUR/USD,1.07503,1.07539,1.0743,1.07515,2134,1.2,1.075096,1.0737262,1.074942612279877,1.0743640409648028,54.5194179712851,0.0006042004228479,0.0004221712185517,0.0001820292042962,1.0740275,1.0766401322681214,1.0714148677318784,0.00156,1.075145,1.07369,1.072985,1.075545,1.0665,BUY,9,SELL
2023-01-04 16:00:00,1,EUR/USD,1.07633,1.07718,1.0754,1.07615,2153,1.0,1.0753020000000002,1.0736966,1.0751621373198994,1.0745341323014883,58.40306994083405,0.0006669936593788,0.0004711357067171,0.0001958579526616,1.0742625,1.076741029912332,1.071783970087668,0.0016028571428571,1.075455,1.074,1.072885,1.075545,1.06924,BUY,9,HOLD
2023-01-04 17:00:00,1,EUR/USD,1.07482,1.07607,1.07482,1.07563,4197,2.0,1.0753530000000002,1.0736618,1.075247203261736,1.0746385006537276,55.737727990650136,0.0006671080907418,0.000510330183522,0.0001567779072198,1.074399,1.0768622362110825,1.0719357637889178,0.0015578571428571,1.075455,1.074,1.072885,1.075545,1.06909,BUY,9,HOLD
2023-01-04 18:00:00,1,EUR/USD,1.07561,1.07586,1.07506,1.07537,3829,1.9,1.07539,1.0736318,1.0752695299414203,1.0747081672581345,54.40088997825896,0.0006388546327986,0.0005360350733774,0.0001028195594212,1.074522,1.0769169033603196,1.0721270966396803,0.0014378571428571,1.075455,1.074,1.072885,1.075545,1.07042,BUY,9,SELL
2023-01-04 19:00:00,1,EUR/USD,1.07462,1.07542,1.07345,1.07432,2036,1.0,1.075318,1.0735662,1.0750968881338894,1.074671198947836,49.26230405996772,0.0005256776542641,0.0005339635895547,-8.285935290605617e-06,1.0746005,1.0768493123181166,1.0723516876818835,0.0014799999999999,1.075315,1.074,1.0731475,1.075415,1.06958,HOLD,3,HOLD
2023-01-04 20:00:00,1,EUR/USD,1.07351,1.07447,1.07262,1.0735,3394,1.1,1.075221,1.0735278,1.0748065448368185,1.0745596561908992,45.63684826346578,0.0003656024983837,0.0005002913713205,-0.0001346888729367,1.07462,1.076820641054929,1.0724193589450708,0.0015485714285714,1.0749,1.074,1.0731475,1.07536,1.07036,HOLD,3,HOLD
2023-01-04 21:00:00,1,EUR/USD,1.07342,1.07342,1.07238,1.07253,1332,0.9,1.0748799999999998,1.0734726,1.0743926275937603,1.0743663556012897,41.72496111315087,0.0001586421625983,0.0004319615295761,-0.0002733193669778,1.0745875,1.076894321691375,1.0722806783086252,0.0015378571428571,1.07478,1.074,1.0731025,1.07536,1.07112,HOLD,3,HOLD
2023-01-04 22:00:00,1,EUR/USD,1.07142,1.07181,1.07107,1.0716,4527,1.7,1.07446,1.0733608,1.0738848771221676,1.0741028931630716,38.33236467336262,-7.950217071051036e-05,0.0003296687895187,-0.0004091709602292,1.074474,1.0771268824442792,1.0718211175557206,0.0015742857142857,1.074125,1.074125,1.0731025,1.075025,1.06996,HOLD,0,HOLD
2023-01-04 23:00:00,1,EUR/USD,1.06983,1.07078,1.06909,1.07039,1778,1.9,1.074072,1.0732026,1.0732494449181371,1.0737492842903982,34.411945658997524,-0.0003617006977107,0.0001913948920728,-0.0005530955897836,1.074394,1.0774309749492077,1.0713570250507929,0.0016878571428571,1.0731350000000002,1.0731350000000002,1.073375,1.074875,1.06862,HOLD,0,HOLD
2023-01-05 00:00:00,1,EUR/USD,1.07074,1.07111,1.07074,1.07079,5344,1.0,1.073543,1.0731222,1.0728022731148394,1.0734674476913126,36.71613511989074,-0.0005467656325661,4.376278714506138e-05,-0.0005905284197112,1.074247,1.0776783115491566,1.0708156884508433,0.0016457142857142,1.0731350000000002,1.0731350000000002,1.073375,1.074875,1.06726,HOLD,0,HOLD
2023-01-05 01:00:00,1,EUR/USD,1.07096,1.07138,1.07075,1.07106,2541,1.8,1.073134,1.073078,1.0724854961848689,1.0732381669588067,38.29201401042119,-0.0006639901184777,-9.778779397949706e-05,-0.0005662023244982,1.0741150000000002,1.0778265835746468,1.0704034164253535,0.0015535714285714,1.07258,1.0731350000000002,1.07254,1.074875,1.06715,HOLD,0,HOLD
2023-01-05 02:00:00,1,EUR/USD,1.07127,1.07249,1.07091,1.07137,5434,1.3,1.0726559999999998,1.0730609999999998,1.0722826786967108,1.0730602462960632,40.13526104357952,-0.0007235364807332,-0.0002229375313302,-0.0005005989494029,1.073979,1.0778884966697178,1.0700695033302825,0.0015678571428571,1.072475,1.0731350000000002,1.0722625,1.074715,1.06748,SELL,2,HOLD
2023-01-05 03:00:00,1,EUR/USD,1.07127,1.0713,1.06974,1.07094,1955,1.4,1.072187,1.0730438,1.0720385552973088,1.0728583180773903,38.4208972028666,-0.0007962461778767,-0.0003375992606395,-0.0004586469172372,1.07377,1.0778651781659083,1.0696748218340917,0.0015499999999999,1.0722550000000002,1.0731350000000002,1.0722625,1.074715,1.06728,SELL,0,HOLD
2023-01-05 04:00:00,1,EUR/USD,1.07058,1.0714,1.07058,1.07129,3353,0.9,1.0717789999999998,1.0730368,1.0719024543341618,1.0727089544509725,40.6433310329877,-0.0008162182063751,-0.0004333230497866,-0.0003828951565884,1.0735845000000002,1.0777799635902183,1.0693890364097818,0.0014449999999999,1.07178,1.0731350000000002,1.0724425000000002,1.07449,1.06838,SELL,2,HOLD
2023-01-05 05:00:00,1,EUR/USD,1.07183,1.0722,1.07181,1.07211,2440,1.8,1.071558,1.0730568,1.0719401899097687,1.0726519111699275,45.59723179830892,-0.000757151069656,-0.0004980886537605,-0.0002590624158954,1.073438,1.0776240801913517,1.069251919808648,0.0013828571428571,1.071255,1.0731350000000002,1.0724425000000002,1.074305,1.06947,SELL,2,BUY
2023-01-05 06:00:00,1,EUR/USD,1.07287,1.07401,1.07269,1.07279,2369,1.1,1.071487,1.073073,1.0720947008352653,1.0726650624870773,49.37084954408102,-0.0006479998819739,-0.0005280708994032,-0.0001199289825707,1.073354,1.0775202624926783,1.069187737507321,0.0013735714285714,1.07155,1.0731350000000002,1.0724425000000002,1.074305,1.07002,SELL,8,SELL
2023-01-05 07:00:00,1,EUR/USD,1.07177,1.07269,1.07166,1.07188,4512,1.8,1.071422,1.0730578,1.0720556643197623,1.0725902946311652,44.88395182252064,-0.0006276905482405,-0.0005479948291706,-7.969571906984692e-05,1.073151,1.07718011456905,1.06912188543095,0.0013592857142856,1.07155,1.0731350000000002,1.072715,1.074305,1.06851,SELL,2,HOLD
2023-01-05 08:00:00,1,EUR/USD,1.07171,1.07211,1.07135,1.07159,4352,1.7,1.071421,1.0730416,1.0719709980798056,1.072495028475816,43.52635692241073,-0.0006277594115746,-0.0005639477456514,-6.38116659231944e-05,1.0729405,1.0768241687755136,1.069056831224486,0.0013564285714285,1.071875,1.0731350000000002,1.072715,1.074305,1.06904,SELL,2,HOLD
2023-01-05 09:00:00,1,EUR/USD,1.07008,1.07134,1.07006,1.0706,3430,1.2,1.071442,1.073005,1.0717217257016591,1.0723145495733577,39.17063141012687,-0.0006996337698954,-0.0005910849505002,-0.0001085488193951,1.072757,1.076722127461946,1.068791872538054,0.0013249999999999,1.071875,1.0731350000000002,1.07309,1.074305,1.06917,SELL,0,HOLD
2023-01-05 10:00:00,1,EUR/USD,1.06868,1.0695,1.06835,1.0687,3428,1.4,1.071233,1.0729284,1.07117232102863,1.0719703067568471,32.457487428913254,-0.0008995395062449,-0.0006527758616492,-0.0002467636445957,1.072388,1.076424004277292,1.0683519957227077,0.0013535714285713,1.07118,1.072765,1.07319,1.074305,1.06913,SELL,0,HOLD
2023-01-05 11:00:00,1,EUR/USD,1.06807,1.06807,1.06747,1.06749,4004,1.9,1.070876,1.0728536,1.0705028081143335,1.0715436108752427,29.04371800554715,-0.0011424338637124,-0.0007507074620618,-0.0003917264016506,1.072005,1.0763772161067604,1.0676327838932398,0.0013614285714285,1.0707399999999998,1.072325,1.07319,1.074305,1.06853,HOLD,0,HOLD
2023-01-05 12:00:00,1,EUR/USD,1.06708,1.06708,1.06565,1.06665,6611,1.9,1.070404,1.0727412,1.0698022975480912,1.0710775526966485,26.92644408588494,-0.0013867250684098,-0.0008779109833314,-0.0005088140850783,1.07153,1.0760672099008326,1.0669927900991671,0.0013885714285714,1.06983,1.071415,1.07319,1.074305,1.06845,HOLD,0,HOLD
2023-01-05 13:00:00,1,EUR/USD,1.06692,1.06692,1.06569,1.06611,3873,1.3,1.069921,1.07263,1.0691309707211656,1.0706044524398246,25.63278434030768,-0.0016053950998005,-0.0010234078066252,-0.0005819872931752,1.071054,1.0757739393394856,1.0663340606605145,0.0012971428571428,1.06983,1.071415,1.073605,1.074305,1.06911,HOLD,0,HOLD
2023-01-05 14:00:00,1,EUR/USD,1.06541,1.06616,1.0654,1.06594,4498,1.2,1.0693860000000002,1.0725464,1.068550794226408,1.070160218874127,25.221955046450063,-0.0017719839266756,-0.0011731230306353,-0.0005988608960403,1.0705825,1.0753706119232402,1.0657943880767595,0.0012999999999999,1.069705,1.07129,1.0738325,1.074305,1.06957,HOLD,0,HOLD
2023-01-05 15:00:00,1,EUR/USD,1.06553,1.06669,1.06553,1.06602,2616,1.3,1.068777,1.0724328,1.0680906498216065,1.0697659123146863,25.824442135956104,-0.0018759269229264,-0.0013136838090935,-0.0005622431138329,1.0701675,1.075029848901725,1.065305151098275,0.0013378571428571,1.069045,1.07129,1.0738575,1.074305,1.07069,HOLD,0,HOLD
2023-01-05 16:00:00,1,EUR/USD,1.06574,1.0659,1.06432,1.06575,2655,1.5,1.068073,1.072307,1.0676650771267688,1.0693834444751924,25.089706475087183,-0.0019575241202973,-0.0014424518713343,-0.000515072248963,1.0697800000000002,1.0747579979065782,1.064802002093422,0.0013464285714285,1.068215,1.07075,1.0744175,1.074305,1.07079,HOLD,0,HOLD
2023-01-05 17:00:00,1,EUR/USD,1.06624,1.06704,1.06622,1.0665,2745,2.0,1.067535,1.0721876,1.067453244921902,1.0691088307156502,30.9652524133726,-0.0019393165214252,-0.0015418248013525,-0.0003974917200726,1.0694785,1.074485548820886,1.064471451179114,0.0013221428571428,1.0678299999999998,1.07075,1.0744175,1.074305,1.07028,SELL,0,HOLD
2023-01-05 18:00:00,1,EUR/USD,1.06923,1.06927,1.06923,1.06924,3291,1.0,1.0673,1.0721207999999998,1.067778109481556,1.0691213230284455,47.24490611598179,-0.0016843753368795,-0.0015703349084579,-0.0001140404284216,1.0693605,1.0742672664344357,1.0644537335655642,0.0014614285714285,1.06691,1.070195,1.0747275,1.074305,1.07139,SELL,8,SELL
2023-01-05 19:00:00,1,EUR/USD,1.06953,1.07046,1.06849,1.06909,788,1.3,1.067149,1.0720304,1.068016635030364,1.0691183398828792,46.59707114638064,-0.001477405744009,-0.0015517490755681,7.434333155913642e-05,1.0692955,1.0741792322871582,1.0644117677128415,0.0015371428571428,1.06739,1.07009,1.0747275,1.074305,1.07253,HOLD,2,BUY
2023-01-05 20:00:00,1,EUR/USD,1.0703,1.07153,1.07023,1.07042,1474,1.6,1.067321,1.0719847999999998,1.0684536104793887,1.0692423075130812,52.779785188028896,-0.0011923166812868,-0.0014798625967118,0.000287545915425,1.069277,1.0741396529471277,1.0644143470528724,0.0015757142857142,1.067925,1.06987,1.0747275,1.074305,1.07205,HOLD,8,SELL
2023-01-05 21:00:00,1,EUR/USD,1.06974,1.06978,1.06955,1.06958,2025,1.6,1.06753,1.071919,1.0686584085740451,1.0692744687023117,48.92699172505892,-0.001022377197031,-0.0013883655167757,0.0003659883197446,1.069203,1.073995951403665,1.0644100485963353,0.0015571428571428,1.067925,1.069395,1.0746575,1.074305,1.07175,HOLD,8,SELL
2023-01-05 22:00:00,1,EUR/USD,1.07051,1.07096,1.07008,1.07036,1617,0.9,1.0679010000000002,1.0718972,1.0689677888333096,1.069377852635425,52.40155142107611,-0.0008153604820497,-0.0012737645098305,0.0004584040277807,1.0691525,1.073870005473737,1.0644349945262632,0.0016014285714285,1.067925,1.069165,1.07445,1.074305,1.0728,HOLD,8,SELL
2023-01-05 23:00:00,1,EUR/USD,1.0712,1.07156,1.07062,1.07112,3382,1.3,1.068402,1.0718616,1.069359099954526,1.0695437714320513,55.57300779473426,-0.0005832492611153,-0.0011356614600874,0.0005524121989721,1.0691615,1.0738940269760402,1.06442897302396,0.0015778571428571,1.06794,1.069165,1.0743900000000002,1.074215,1.07321,HOLD,8,HOLD
2023-01-06 00:00:00,1,EUR/USD,1.06986,1.07029,1.06964,1.06996,3508,1.3,1.068804,1.0718026,1.0694683545082484,1.0695834122480463,50.08740270168224,-0.0004872846377492,-0.0010059860956198,0.0005187014578705,1.069095,1.0737381273489908,1.064451872651009,0.0015228571428571,1.06794,1.069165,1.074125,1.074215,1.07254,HOLD,8,SELL
2023-01-06 01:00:00,1,EUR/USD,1.06905,1.06929,1.06819,1.06862,1240,1.1,1.069064,1.07172,1.0693141082340214,1.0694916587006134,44.60944247690153,-0.0005134401648811,-0.0009074769094721,0.0003940367445909,1.0689205,1.0733436423695208,1.064497357630479,0.0015614285714285,1.06889,1.069165,1.0731350000000002,1.073895,1.07193,HOLD,2,HOLD
2023-01-06 02:00:00,1,EUR/USD,1.0678,1.06819,1.06614,1.06726,3312,1.7,1.069215,1.071603,1.068940634009654,1.0692791197767455,39.84626493554676,-0.0006365712455131,-0.0008532957766803,0.0002167245311671,1.068644,1.0727269576483098,1.06456104235169,0.0016071428571428,1.06885,1.069165,1.0731350000000002,1.073895,1.07359,HOLD,0,HOLD
2023-01-06 03:00:00,1,EUR/USD,1.06704,1.06767,1.06704,1.06715,5843,0.8,1.06928,1.0714824,1.0686150641897167,1.0690763464646744,39.479084832227855,-0.0007345620209882,-0.0008295490255419,9.498700455369774e-05,1.0684075,1.0722416066344334,1.0645733933655666,0.0015642857142857,1.06885,1.069165,1.0728575,1.0731350000000002,1.07395,HOLD,0,HOLD
2023-01-06 04:00:00,1,EUR/USD,1.06772,1.06839,1.06676,1.06748,3246,2.0,1.0691039999999998,1.0713546,1.0684086888824955,1.0689243134680386,41.22876005462679,-0.0007766395570898,-0.0008189671318514,4.2327574761648855e-05,1.068202,1.0717476161219464,1.0646563838780538,0.0016264285714285,1.06885,1.069165,1.0728050000000002,1.0731350000000002,1.07391,HOLD,2,HOLD
2023-01-06 05:00:00,1,EUR/USD,1.06676,1.06797,1.06676,1.06728,3928,1.5,1.068923,1.0712604,1.0682034727220415,1.0687677121853685,40.46520998233596,-0.0008167101103651,-0.0008185157275542,1.805617189109404e-06,1.068036,1.071415899718225,1.064656100281775,0.00163,1.06885,1.069165,1.0726950000000002,1.0731350000000002,1.07519,HOLD,2,HOLD
2023-01-06 06:00:00,1,EUR/USD,1.0687,1.0687,1.06825,1.06838,6855,1.0,1.0687190000000002,1.0711534,1.0682355685907614,1.068730787215333,46.35025477984216,-0.0007510478930123,-0.0008050221606458,5.397426763345818e-05,1.06802,1.0713896790414073,1.064650320958593,0.00161,1.06885,1.069165,1.0724575,1.0731350000000002,1.07582,HOLD,2,BUY
2023-01-06 07:00:00,1,EUR/USD,1.06959,1.06959,1.06903,1.06947,911,0.9,1.068708,1.0710688,1.0684600106651685,1.0688011884329207,51.46956526871948,-0.0006040926185282,-0.0007648362522223,0.000160743633694,1.068119,1.0715390824859237,1.0646989175140764,0.0016042857142857,1.06885,1.069165,1.0721950000000002,1.0731350000000002,1.07636,HOLD,8,SELL
2023-01-06 08:00:00,1,EUR/USD,1.06978,1.07041,1.06978,1.07002,2195,1.1,1.068674,1.0709874,1.068743645089683,1.0689172657250234,53.86190976553189,-0.0004381978294758,-0.000699508567673,0.0002613107381971,1.0682875,1.071734804820626,1.064840195179374,0.0014735714285714,1.068275,1.068505,1.0723425,1.0731350000000002,1.07618,HOLD,8,SELL
2023-01-06 09:00:00,1,EUR/USD,1.0687,1.06923,1.06804,1.06851,1240,1.4,1.068413,1.0708551999999998,1.068701164164286,1.0688784785131165,47.01016222625469,-0.000423685412646,-0.0006443439366676,0.0002206585240215,1.0684075,1.0716992304679576,1.0651157695320423,0.0014742857142857,1.068275,1.068215,1.0723425,1.0731350000000002,1.07576,HOLD,2,BUY
2023-01-06 10:00:00,1,EUR/USD,1.06927,1.06927,1.06858,1.06904,2235,1.4,1.068321,1.070736,1.0687627706798704,1.0688938615118673,49.44123830373556,-0.0003652077594302,-0.0005885167012201,0.0002233089417898,1.0685625,1.07165066331038,1.0654743366896202,0.0013542857142857,1.068275,1.06794,1.072505,1.0731350000000002,1.0743,HOLD,8,SELL
2023-01-06 11:00:00,1,EUR/USD,1.06906,1.07008,1.06864,1.06917,3365,0.9,1.068376,1.0706186,1.0688368123744394,1.068920160415499,50.04660774151533,-0.0003048596521022,-0.0005317852913965,0.0002269256392943,1.06872,1.071574661930394,1.0658653380696064,0.0013949999999999,1.068585,1.06794,1.072505,1.0731350000000002,1.07453,HOLD,8,SELL
2023-01-06 12:00:00,1,EUR/USD,1.06972,1.07008,1.0688,1.06913,4246,1.8,1.068563,1.0705118,1.0688901192154503,1.0689401451378324,49.848822258731154,-0.0002572950705534,-0.0004768872472279,0.0002195921766744,1.068889,1.0713804244498824,1.0663975755501176,0.0013878571428571,1.068585,1.06794,1.0719725,1.072765,1.07405,HOLD,8,SELL
2023-01-06 13:00:00,1,EUR/USD,1.06797,1.06911,1.06797,1.06853,5282,0.9,1.068701,1.0703636,1.0688246429944592,1.068901083696134,46.85749037549717,-0.000264960483066,-0.0004345018943955,0.0001695414113295,1.0689905,1.0712241986085151,1.0667568013914848,0.0013849999999999,1.068585,1.06794,1.0715325,1.072325,1.0733,HOLD,2,BUY
2023-01-06 14:00:00,1,EUR/USD,1.06803,1.06879,1.06803,1.06845,3605,1.8,1.068798,1.0702166,1.0687565260863756,1.0688581233441212,46.45718564743255,-0.0002743284218371,-0.0004024671998838,0.0001281387780467,1.068951,1.071194042107214,1.0667079578927858,0.0013335714285713,1.06919,1.06794,1.0706225,1.071415,1.07498,HOLD,2,BUY
2023-01-06 15:00:00,1,EUR/USD,1.06896,1.06979,1.06854,1.06911,4090,1.4,1.068981,1.0701134,1.0688207940706709,1.068882111597062,50.23441493352512,-0.0002258921525342,-0.0003671521904139,0.0001412600378797,1.068952,1.071195320846658,1.0667086791533418,0.001302857142857,1.06919,1.06794,1.0706225,1.071415,1.07262,HOLD,8,SELL
2023-01-06 16:00:00,1,EUR/USD,1.06916,1.06968,1.06916,1.06957,1736,1.9,1.0691,1.0699832,1.0689570133305488,1.068947624778294,52.73701470096119,-0.0001486740822538,-0.0003234565687819,0.0001747824865281,1.0689094999999995,1.0710662565804618,1.0667527434195376,0.0011664285714285,1.06919,1.06794,1.0704975,1.07129,1.07332,HOLD,8,SELL
2023-01-06 17:00:00,1,EUR/USD,1.07054,1.0713,1.07054,1.07069,4643,1.8,1.069222,1.069894,1.0692721018159037,1.0691135652755994,58.24302032161954,2.863426737942376e-06,-0.0002581925696779,0.0002610559964158,1.068965,1.0712478467915485,1.0666821532084516,0.0012449999999999,1.069635,1.06794,1.0701675,1.07129,1.07257,HOLD,9,HOLD
2023-01-06 18:00:00,1,EUR/USD,1.0707,1.07104,1.07056,1.07079,3331,1.2,1.069299,1.0697868,1.069548083303921,1.0692732257255424,58.70558001911554,0.0001295339716547,-0.0001806472614114,0.0003101812330661,1.0689864999999998,1.0713319078312171,1.0666410921687826,0.0011628571428571,1.069635,1.06885,1.0694825,1.07075,1.07123,HOLD,9,HOLD
2023-01-06 19:00:00,1,EUR/USD,1.07041,1.07042,1.07021,1.07028,1135,1.7,1.069476,1.0696798,1.0696811590668445,1.0693691089897763,55.338686896487,0.0001866173447755,-0.000107194340174,0.0002938116849495,1.0689445,1.071155262907138,1.066733737092862,0.001117857142857,1.069635,1.06885,1.06929,1.07075,1.07172,HOLD,9,HOLD
2023-01-06 20:00:00,1,EUR/USD,1.07167,1.07218,1.07124,1.07139,3106,1.9,1.069711,1.0696002,1.0699918574183271,1.0695615748002738,60.630944493693264,0.0003177611004143,-2.2203252056348985e-05,0.0003399643524707,1.069016,1.0714466152567437,1.0665853847432565,0.0011521428571428,1.070075,1.06916,1.0685525,1.07075,1.07193,BUY,11,HOLD
2023-01-06 21:00:00,1,EUR/USD,1.07236,1.07318,1.07216,1.07253,860,1.6,1.070047,1.0695644,1.070453337887722,1.0698442819621523,65.1928313708861,0.0005078280189299,8.380300214090105e-05,0.000424025016789,1.0692115000000002,1.0720948261129617,1.066328173887039,0.0011935714285713,1.070575,1.06966,1.06874,1.07075,1.07386,BUY,11,HOLD
2023-01-06 22:00:00,1,EUR/USD,1.07188,1.07283,1.0712,1.07205,2416,1.2,1.0703390000000002,1.0695354,1.0707436400899544,1.0700543503467097,61.93842177464102,0.0006126630346452,0.0001895750086417,0.0004230880260034,1.069451,1.072445415152457,1.066456584847543,0.001242857142857,1.070605,1.06966,1.0688974999999998,1.07075,1.07338,BUY,11,HOLD
2023-01-06 23:00:00,1,EUR/USD,1.07113,1.07229,1.07113,1.07175,1629,1.6,1.070661,1.0695198,1.0709266146190537,1.07021584078988,59.92495113633229,0.0006638851918621,0.0002844370452858,0.0003794481465762,1.069681,1.0726376617021658,1.066724338297834,0.0011842857142856,1.07086,1.06966,1.06866,1.07075,1.0742,BUY,9,HOLD
2023-01-07 00:00:00,1,EUR/USD,1.07302,1.07302,1.07278,1.0728,1700,2.0,1.0710959999999998,1.0695438,1.0712672301428618,1.0704619511908438,64.29929117499327,0.0007802115521675,0.0003835919466621,0.0003966196055053,1.069947,1.0730246758148083,1.0668693241851916,0.0012207142857142,1.07117,1.06966,1.068545,1.07075,1.07419,BUY,11,HOLD
2023-01-07 01:00:00,1,EUR/USD,1.07271,1.07384,1.07234,1.07321,3093,1.0,1.071506,1.0696002,1.071620461025978,1.070723670125049,65.86605239094686,0.0008951656914135,0.0004859066956124,0.0004092589958011,1.0702435,1.0733813321380086,1.0671056678619912,0.0012249999999999,1.072025,1.06999,1.0685525,1.07075,1.07422,BUY,11,HOLD
2023-01-07 02:00:00,1,EUR/USD,1.07293,1.07293,1.0722,1.07254,6064,1.6,1.0718029999999998,1.0696352,1.0717876499303456,1.0708966539226634,61.14372541026337,0.0009215808638549,0.0005730415292609,0.000348539334594,1.0704515,1.0736205760732271,1.067282423926773,0.0012057142857142,1.072025,1.06999,1.0685525,1.07075,1.07315,BUY,11,HOLD
2023-01-07 03:00:00,1,EUR/USD,1.07171,1.07212,1.07171,1.07193,2096,1.4,1.071927,1.0696526,1.0718135317611917,1.0709950678347908,57.12783403218511,0.0008831131970914,0.000635055862827,0.0002480573342643,1.0705744999999998,1.0737739899264536,1.067375010073546,0.0011821428571428,1.072025,1.06999,1.0690275,1.07075,1.07376,BUY,9,HOLD
2023-01-07 04:00:00,1,EUR/USD,1.07347,1.07456,1.07326,1.07359,3438,1.6,1.072207,1.069697,1.0721365259864295,1.071242204231477,64.04797814415323,0.0009753323960988,0.0007031111694814,0.0002722212266174,1.0707529999999998,1.0742101975264438,1.067295802473556,0.0013157142857142,1.072845,1.07066,1.0690075,1.07075,1.07472,BUY,11,HOLD
2023-01-07 05:00:00,1,EUR/USD,1.07339,1.07441,1.07339,1.07395,1589,1.1,1.072574,1.0697572000000002,1.0724662485343512,1.071500089542765,65.35405662427948,0.00106518695491,0.0007755263265671,0.0002896606283429,1.071025,1.0745933727678785,1.0674566272321215,0.0012928571428571,1.072845,1.07066,1.0690075,1.07075,1.07494,BUY,11,HOLD
2023-01-07 06:00:00,1,EUR/USD,1.07399,1.07488,1.07364,1.07391,2956,1.4,1.072826,1.0698096,1.0727287488008328,1.0717296048244067,65.07118469752024,0.0011202560599055,0.0008444722732348,0.0002757837866706,1.0712685,1.0749299709439917,1.0676070290560082,0.0013407142857142,1.073005,1.07082,1.0690075,1.07075,1.07424,BUY,11,HOLD
2023-01-07 07:00:00,1,EUR/USD,1.07562,1.07584,1.07501,1.07519,1692,1.5,1.0730920000000002,1.0698712,1.0731762490188632,1.0720591662697014,69.60480604916661,0.0012527431813704,0.0009261264548619,0.0003266167265085,1.0715695,1.075485531691718,1.067653468308282,0.0013549999999999,1.0734849999999998,1.071905,1.0690075,1.07075,1.07362,BUY,11,HOLD
2023-01-07 08:00:00,1,EUR/USD,1.07618,1.07618,1.0755,1.07582,4492,1.6,1.0734689999999998,1.0699318,1.0736569310154336,1.0724173409106823,71.5613285793292,0.0013925237673457,0.0010194059173587,0.000373117849987,1.071904,1.0760771089004186,1.0677308910995813,0.0013914285714285,1.073945,1.072075,1.0690075,1.07075,1.07366,HOLD,11,HOLD
2023-01-07 09:00:00,1,EUR/USD,1.07615,1.07691,1.07554,1.07636,3790,1.9,1.07393,1.0700214,1.0741483981035365,1.0727928322525222,73.15632317751357,0.0015292461778124,0.0011213739694494,0.000407872208363,1.0722955,1.076602827783162,1.0679881722168385,0.0014478571428571,1.07431,1.07244,1.0690075,1.07075,1.07187,HOLD,11,HOLD
2023-01-07 10:00:00,1,EUR/USD,1.07592,1.07626,1.07554,1.07618,3584,1.8,1.074268,1.0701132,1.0745177802665298,1.0731154196570438,71.7125044583328,0.0016045785942431,0.0012180148944081,0.0003865636998349,1.072682,1.076923174613864,1.068440825386136,0.0013707142857142,1.07431,1.07244,1.06839,1.07075,1.07211,HOLD,11,HOLD
2023-01-07 11:00:00,1,EUR/USD,1.07603,1.07603,1.07576,1.07576,1415,2.0,1.074523,1.0702163999999998,1.074743638399888,1.0733672844516111,68.32410324484337,0.0016118096487771,0.0012967738452819,0.0003150358034951,1.0730145,1.0771169946197754,1.0689120053802246,0.0012728571428571,1.07431,1.07244,1.068245,1.07075,1.07207,BUY,11,HOLD
2023-01-07 12:00:00,1,EUR/USD,1.075,1.075,1.07395,1.0743,2555,1.7,1.0746989999999998,1.0703284,1.0746629768726357,1.0734561145038386,58.055109296670665,0.0014826395673006,0.0013339469896857,0.0001486925776149,1.0732510000000002,1.0770516642078825,1.069450335792118,0.0012857142857142,1.075085,1.07244,1.0681075,1.07075,1.07365,BUY,9,HOLD
2023-01-07 13:00:00,1,EUR/USD,1.07492,1.07492,1.07451,1.07453,1449,1.9,1.074959,1.0704692,1.074638799259429,1.0735583893129967,59.09803827211315,0.0013828893374563,0.0013437354592398,3.915387821649139e-05,1.073443,1.0770835268560333,1.0698024731439666,0.0012471428571428,1.07515,1.07244,1.0682625,1.07075,1.07393,BUY,9,HOLD
2023-01-07 14:00:00,1,EUR/USD,1.07372,1.07416,1.07348,1.07405,3185,1.2,1.075005,1.0706172,1.0745317448486238,1.0736052093784256,55.97026930772111,0.0012506874270374,0.0013251258527993,-7.44384257618867e-05,1.073606,1.0770319836850974,1.070180016314903,0.0012314285714285,1.075195,1.07244,1.0682625,1.07075,1.07476,HOLD,9,HOLD
2023-01-07 15:00:00,1,EUR/USD,1.07342,1.07356,1.07323,1.0733,2291,0.8,1.07494,1.070761,1.0743077912397831,1.0735761418185756,51.39335332493508,0.0010730285236948,0.0012747063869784,-0.0002016778632836,1.073757,1.0768118604929862,1.070702139507014,0.0011828571428571,1.07507,1.07247,1.0682625,1.07075,1.07356,HOLD,3,HOLD
2023-01-07 16:00:00,1,EUR/USD,1.07559,1.07559,1.07468,1.07498,1445,1.0,1.075047,1.0709418,1.074430011014368,1.073709842597759,59.40188900329721,0.0010556259239398,0.0012308902943707,-0.0001752643704309,1.0739364999999998,1.0768230005219448,1.071049999478055,0.0012742857142857,1.07507,1.0727250000000002,1.068565,1.07075,1.07351,HOLD,9,HOLD
2023-01-07 17:00:00,1,EUR/USD,1.07298,1.07298,1.07209,1.07262,5740,1.1,1.07479,1.0710738,1.0741009181026644,1.073606048064639,47.54981951756112,0.000841699375141,0.0011530521105247,-0.0003113527353837,1.073941,1.0768185347636163,1.0710634652363835,0.0014214285714285,1.0745,1.073035,1.068565,1.07075,1.07298,HOLD,3,HOLD
2023-01-07 18:00:00,1,EUR/USD,1.07297,1.07337,1.07233,1.07332,1390,2.0,1.07454,1.0712252,1.073958932993089,1.0735788053918165,50.69234072929664,0.0007203415448839,0.0010665099973966,-0.0003461684525126,1.0740045,1.0767597856380782,1.071249214361922,0.0013078571428571,1.074175,1.07356,1.068565,1.07075,1.07263,HOLD,3,HOLD
2023-01-07 19:00:00,1,EUR/USD,1.07234,1.07306,1.07234,1.07257,2133,0.8,1.074161,1.0713466,1.0737063997216183,1.073482728687834,47.4144745366522,0.0005572225434589,0.000964652506609,-0.0004074299631501,1.0740455,1.0766813458145206,1.0714096541854794,0.001305,1.07406,1.07356,1.0687875,1.07075,1.07289,HOLD,3,HOLD
2023-01-07 20:00:00,1,EUR/USD,1.07159,1.072,1.07119,1.07123,3538,1.7,1.073666,1.0713864000000002,1.0732561452267784,1.0732681830985162,42.168083017011504,0.0003161780546676,0.0008349576162208,-0.0005187795615531,1.073967,1.0768417181097556,1.0710922818902442,0.001315,1.07339,1.07356,1.0692425,1.07075,1.07367,HOLD,3,HOLD
2023-01-07 21:00:00,1,EUR/USD,1.07142,1.07197,1.0714,1.07172,3503,0.8,1.073262,1.071439,1.0729768460946367,1.0731207370891338,44.58281612049687,0.0001628106853333,0.0007005282300433,-0.0005377175447099,1.0738925,1.076922836962335,1.070862163037665,0.00123,1.07339,1.07402,1.0692425,1.07075,1.07404,HOLD,3,HOLD
2023-01-07 22:00:00,1,EUR/USD,1.07239,1.07239,1.07188,1.07193,2125,1.0,1.073025,1.0714692,1.0727865104410663,1.0730073335568353,45.63057913311337,5.754780981148677e-05,0.0005719321459969,-0.0005143843361854,1.073862,1.0769611516666115,1.0707628483333882,0.0012071428571428,1.07339,1.07402,1.0696175,1.070195,1.07524,HOLD,3,HOLD
2023-01-07 23:00:00,1,EUR/USD,1.07335,1.07426,1.07335,1.07386,3953,1.8,1.072958,1.0715548,1.0729816903608724,1.0730885398847558,54.20094268153131,0.0001283811944043,0.0004832219556784,-0.000354840761274,1.0739585,1.076921558697045,1.0709954413029548,0.0012757142857143,1.07339,1.07402,1.0701175,1.07009,1.07729,HOLD,9,SELL
2023-01-08 00:00:00,1,EUR/USD,1.0726,1.0744,1.0726,1.07338,1350,1.6,1.0728909999999998,1.0716152,1.073054110295259,1.0731162979909696,52.00529910445956,0.0001441238040496,0.0004154023253526,-0.000271278521303,1.073948,1.0769180370368114,1.0709779629631888,0.0013457142857142,1.07339,1.07402,1.0701325000000002,1.06987,1.07751,HOLD,9,SELL
2023-01-08 01:00:00,1,EUR/USD,1.07419,1.0744,1.07394,1.0742,2240,0.9,1.072981,1.0716768,1.0732624538779392,1.0732195077061153,55.3340929294409,0.0002202284263752,0.0003763675455571,-0.0001561391191819,1.0739605,1.07693267605911,1.0709883239408902,0.0013885714285714,1.0727950000000002,1.0740500000000002,1.0702600000000002,1.069395,1.07628,HOLD,9,HOLD
2023-01-08 02:00:00,1,EUR/USD,1.07448,1.07482,1.07339,1.07419,2669,1.2,1.072902,1.0717614,1.0734310986274047,1.073311935543628,55.28373060322135,0.0002765471085235,0.0003564034581504,-7.985634962691455e-05,1.0739744999999998,1.0769483118370426,1.071000688162957,0.0013614285714285,1.0730050000000002,1.0740500000000002,1.070415,1.069165,1.07801,HOLD,9,HOLD
2023-01-08 03:00:00,1,EUR/USD,1.07414,1.07469,1.07414,1.07422,2855,0.9,1.073062,1.0718734,1.073574535240604,1.0733984178728062,55.41481412048276,0.0003199130605369,0.0003491053786277,-2.919231809083209e-05,1.073926,1.0768475237552797,1.0710044762447204,0.0013564285714285,1.0730050000000002,1.0740500000000002,1.0710075,1.069165,1.07669,HOLD,9,HOLD
2023-01-08 04:00:00,1,EUR/USD,1.07335,1.07335,1.07218,1.07315,2240,1.0,1.073045,1.0719912,1.0734973470150395,1.073374759027777,49.80647996785571,0.0002648873755268,0.0003322617780075,-6.737440248069372e-05,1.0737925,1.0765910400329135,1.0709939599670866,0.0014271428571428,1.0730050000000002,1.0740500000000002,1.0710075,1.069165,1.07651,HOLD,3,HOLD
2023-01-08 05:00:00,1,EUR/USD,1.07435,1.07435,1.07333,1.07376,3565,1.8,1.073164,1.0721234,1.073545102103214,1.073411448644179,52.74281361648183,0.0002674183929634,0.0003192931009987,-5.187470803533537e-05,1.0736625,1.0761869978656582,1.0711380021343415,0.0014542857142857,1.07311,1.0740500000000002,1.0710075,1.069165,1.07559,HOLD,9,SELL
2023-01-08 06:00:00,1,EUR/USD,1.07455,1.07506,1.07416,1.07472,5760,1.3,1.073513,1.0722682,1.0737587199026295,1.073536072582829,57.00562017505057,0.0003429350773598,0.0003240214962709,1.8913581088872563e-05,1.0735895,1.0758811826729966,1.0712978173270034,0.0013835714285714,1.07347,1.0740500000000002,1.0717525,1.06944,1.07736,BUY,9,HOLD
2023-01-08 07:00:00,1,EUR/USD,1.07482,1.07515,1.07376,1.07494,3301,0.9,1.073835,1.0724214,1.0739734981021516,1.0736697799558927,57.94191194683519,0.0004157423363329,0.0003423656642833,7.337667204955668e-05,1.0735485,1.0757018452555274,1.0713951547444729,0.0012764285714285,1.073665,1.0740500000000002,1.0717525,1.06944,1.07701,BUY,9,HOLD
2023-01-08 08:00:00,1,EUR/USD,1.07437,1.0745,1.07406,1.07424,3871,1.6,1.074066,1.0725386,1.0740219529926696,1.07372408662676,53.91844742123538,0.0004122068003564,0.0003563338914979,5.587290885850224e-05,1.0735455,1.075694599934006,1.071396400065994,0.0012649999999999,1.073665,1.0740500000000002,1.0719124999999998,1.0696,1.07811,BUY,9,SELL
2023-01-08 09:00:00,1,EUR/USD,1.07332,1.07521,1.07332,1.07362,4344,2.0,1.074042,1.0726216,1.073948870630366,1.0737141736146878,50.5690219277196,0.0003552805906841,0.0003561232313352,-8.426406510763816e-07,1.0735,1.075599293114116,1.0714007068858835,0.0013299999999999,1.0736949999999998,1.0740500000000002,1.072695,1.07008,1.07903,HOLD,3,HOLD
2023-01-08 10:00:00,1,EUR/USD,1.07333,1.07372,1.07333,1.07366,2621,1.8,1.07407,1.0726944,1.073896348697572,1.0737090142228127,50.78144558402958,0.0003098223854915,0.0003468630621664,-3.70406766748834e-05,1.0734805,1.0755654786064854,1.071395521393515,0.0012592857142857,1.0736949999999998,1.0740500000000002,1.07301,1.07025,1.0772,HOLD,3,HOLD
2023-01-08 11:00:00,1,EUR/USD,1.07127,1.07237,1.07127,1.07187,1899,1.2,1.073837,1.0727616,1.0735279216616498,1.0735338700111163,42.06875304612844,0.0001278842203351,0.0003030672938002,-0.000175183073465,1.073409,1.0756146282074504,1.0712033717925498,0.0013771428571428,1.07324,1.073725,1.073375,1.070615,1.0787,HOLD,3,HOLD
2023-01-08 12:00:00,1,EUR/USD,1.07196,1.07267,1.07121,1.07211,5111,1.9,1.073629,1.072823,1.0732701177231678,1.073398263343391,43.469222206476125,3.028002958149756e-06,0.0002430594356318,-0.0002400314326736,1.0732655,1.0754134632948016,1.0711175367051984,0.0014335714285714,1.07321,1.07361,1.073375,1.070615,1.0793,HOLD,3,HOLD
2023-01-08 13:00:00,1,EUR/USD,1.07233,1.07294,1.07176,1.07207,3260,1.1,1.073414,1.072881,1.0730519145007738,1.0732717620725918,43.28141694825632,-9.801921012031478e-05,0.0001748437064813,-0.0002728629166016,1.073238,1.0754342992797752,1.0710417007202246,0.0013514285714285,1.07321,1.07339,1.073375,1.070615,1.07964,HOLD,2,HOLD
2023-01-08 14:00:00,1,EUR/USD,1.07378,1.07439,1.07332,1.07365,3816,1.0,1.073464,1.0729714,1.0731606573188148,1.073307784732345,52.08685866110818,-5.0030340479789714e-05,0.0001298688970891,-0.0001798992375689,1.0732545,1.0754583385173493,1.0710506614826507,0.0013885714285714,1.07321,1.07339,1.0737625,1.070615,1.07977,HOLD,8,SELL
2023-01-08 15:00:00,1,EUR/USD,1.0734,1.0741,1.0734,1.07393,2906,1.8,1.073481,1.0730794,1.073300537806303,1.0733670433292646,53.46560354796127,1.0474105426760971e-05,0.0001059899387566,-9.551583332990832e-05,1.0733225000000002,1.0755213310291525,1.071123668970848,0.0013657142857142,1.07321,1.07339,1.073795,1.070615,1.07906,HOLD,9,SELL
2023-01-08 16:00:00,1,EUR/USD,1.0742,1.07629,1.07414,1.07476,2486,2.0,1.073485,1.0732056,1.0735658945687931,1.0734997058693343,57.3806904392463,0.0001239693367727,0.0001095858183598,1.4383518412842467e-05,1.0734990000000002,1.0755525145739175,1.0714454854260829,0.0014321428571428,1.07375,1.07374,1.0738175,1.070615,1.07828,BUY,9,HOLD
2023-01-08 17:00:00,1,EUR/USD,1.07391,1.07399,1.07289,1.07356,2092,1.0,1.073347,1.0732946,1.0735648228290129,1.0735054481674933,50.73467964537541,0.0001157508503715,0.0001108188247622,4.9320256093128605e-06,1.073591,1.0754660427363627,1.0717159572636372,0.0015264285714285,1.07375,1.07374,1.07377,1.070615,1.07858,BUY,9,SELL
2023-01-08 18:00:00,1,EUR/USD,1.07309,1.07376,1.07309,1.07351,4905,1.3,1.073274,1.0733734,1.0735548550419194,1.073505881675351,50.47236009991634,0.0001040041633009,0.0001094558924699,-5.451729169031144e-06,1.07367,1.0753758907227382,1.071964109277262,0.0014285714285714,1.07375,1.07374,1.0738975000000002,1.070615,1.07838,SELL,9,SELL
2023-01-08 19:00:00,1,EUR/USD,1.07271,1.07332,1.07223,1.07298,3867,1.0,1.07321,1.0734192,1.0734503359433885,1.07345579770627,47.659440307919525,5.133648353550235e-05,9.783201068306075e-05,-4.6495527147558414e-05,1.0736260000000002,1.0753564748359696,1.0718955251640307,0.0014342857142857,1.07375,1.07374,1.0737675,1.070615,1.08077,SELL,3,HOLD
2023-01-08 20:00:00,1,EUR/USD,1.07277,1.07374,1.07243,1.07263,4989,1.0,1.073107,1.073456,1.0733011839536817,1.0733771503056728,45.84246519289202,-1.8432627204134636e-05,7.45790831056217e-05,-9.301171030975632e-05,1.0735885,1.0753730804460573,1.0718039195539428,0.0014349999999999,1.07375,1.07374,1.0738675,1.070615,1.0799,SELL,2,BUY
2023-01-08 21:00:00,1,EUR/USD,1.0729,1.07306,1.07259,1.07289,2113,1.9,1.073209,1.0735082,1.0732264232348303,1.073330755038466,47.44533608685375,-5.214423673294277e-05,4.923441913790881e-05,-0.0001013786558708,1.073523,1.0753092409809804,1.0717367590190197,0.0013692857142857,1.074025,1.07374,1.07381,1.070615,1.08166,SELL,2,BUY
2023-01-08 22:00:00,1,EUR/USD,1.07303,1.07372,1.07303,1.07367,4713,1.3,1.073365,1.0735538,1.0733070735557702,1.0733630640824214,52.0320105647904,-1.5740007882403262e-05,3.62395337338464e-05,-5.1979541616249664e-05,1.073497,1.0752573121732798,1.0717366878267205,0.0013657142857142,1.07426,1.07375,1.0734750000000002,1.071525,1.08191,SELL,8,SELL
2023-01-08 23:00:00,1,EUR/USD,1.07376,1.07517,1.07247,1.07404,3647,0.8,1.073562,1.073584,1.0734403329092663,1.0734275341698098,54.07933084625115,4.247686666292161e-05,3.748700031966144e-05,4.989866343260168e-06,1.073488,1.0752345346140064,1.0717414653859936,0.0014235714285714,1.07426,1.07375,1.073705,1.071525,1.08232,HOLD,9,SELL
2023-01-09 00:00:00,1,EUR/USD,1.0749,1.07579,1.0749,1.07524,2182,1.8,1.073721,1.0736478,1.0737675451075817,1.073600149963161,60.036772091723215,0.0001833308069285,6.665576164144137e-05,0.0001166750452871,1.0735925,1.0754968537376033,1.0716881462623966,0.0015207142857142,1.07426,1.07375,1.073705,1.071525,1.08292,BUY,11,HOLD
2023-01-09 01:00:00,1,EUR/USD,1.07728,1.07759,1.0768,1.07729,8116,1.5,1.074057,1.0737586,1.0744079914516578,1.073951564252384,67.73714326225317,0.0004551299817017,0.0001443506056534,0.0003107793760482,1.073769,1.0762924304136756,1.0712455695863243,0.0015178571428571,1.07491,1.0744,1.073705,1.071525,1.08139,BUY,11,HOLD
2023-01-09 02:00:00,1,EUR/USD,1.07789,1.07808,1.07691,1.07751,4102,1.3,1.074332,1.0738528,1.0749719930059018,1.074290462895014,68.43995380921017,0.0006804412441967,0.0002515687333621,0.0004288725108346,1.0739085,1.0769154412680506,1.0709015587319493,0.0014971428571428,1.075155,1.074645,1.073705,1.071525,1.08021,BUY,11,HOLD
2023-01-09 03:00:00,1,EUR/USD,1.0766,1.07669,1.07612,1.07628,2627,1.7,1.074604,1.0739142000000002,1.075209812459374,1.0744799426192986,60.50412893772462,0.0007510931878134,0.0003514736242524,0.000399619563561,1.0739755,1.0771350567643898,1.07081594323561,0.0015121428571428,1.075155,1.074645,1.0734225000000002,1.071525,1.08063,BUY,11,HOLD
2023-01-09 04:00:00,1,EUR/USD,1.07833,1.07833,1.07788,1.07801,5403,1.8,1.075054,1.0740236,1.0757189374667604,1.074816138560318,66.40460375316042,0.0009358935061702,0.0004683576006359,0.0004675359055343,1.074164,1.0778034007603965,1.070524599239604,0.0014928571428571,1.07538,1.07477,1.0735275000000002,1.071525,1.07978,BUY,11,HOLD
2023-01-09 05:00:00,1,EUR/USD,1.07711,1.07711,1.07635,1.07669,2615,0.9,1.075425,1.0741188,1.0758954942909855,1.0749946015545733,59.14420180443496,0.0009647154820204,0.0005676291769128,0.0003970863051076,1.0743175,1.078115792552691,1.070519207447309,0.0015614285714285,1.0754,1.07477,1.0735275000000002,1.071525,1.07746,BUY,9,HOLD
2023-01-09 06:00:00,1,EUR/USD,1.07604,1.07651,1.07592,1.07651,6616,1.3,1.075813,1.0741772,1.0760072226017154,1.0751389252160426,58.20956650142063,0.0009619439191452,0.0006464921253593,0.0003154517937859,1.07446,1.0783667283391385,1.0705532716608614,0.0014478571428571,1.0754,1.07477,1.0735275000000002,1.071525,1.07755,BUY,9,HOLD
2023-01-09 07:00:00,1,EUR/USD,1.07518,1.07643,1.07518,1.07559,2207,0.9,1.076083,1.07421,1.0759313639468582,1.075181884719277,53.55155894042347,0.0008754198294949,0.0006922776661864,0.0001831421633084,1.074646,1.078384107598919,1.0709078924010813,0.0014092857142857,1.0754,1.07477,1.0735800000000002,1.071525,1.07789,BUY,9,SELL
2023-01-09 08:00:00,1,EUR/USD,1.07809,1.07809,1.07699,1.07736,4870,1.4,1.0764520000000002,1.074279,1.0761911159565205,1.0753893242698218,60.15733026564882,0.0009388505874099,0.0007415922504311,0.0001972583369787,1.0749085,1.078634094406837,1.071182905593163,0.0015399999999999,1.076615,1.07477,1.07376,1.071835,1.07792,BUY,11,HOLD
2023-01-09 09:00:00,1,EUR/USD,1.07664,1.07725,1.07664,1.07701,1385,1.3,1.076749,1.0743154,1.0763400039644258,1.0755436743393625,58.38899590815423,0.0009499276702502,0.0007832593343949,0.0001666683358552,1.0751555,1.0787411231932895,1.07156987680671,0.0014999999999999,1.076755,1.07477,1.0738575,1.071835,1.07881,BUY,9,HOLD
2023-01-09 10:00:00,1,EUR/USD,1.07829,1.07943,1.07736,1.07811,4013,1.9,1.077036,1.0743612,1.076661821425439,1.075788086307042,62.15429804272123,0.001035530197601,0.0008337135070361,0.0002018166905648,1.0753785,1.07912120532609,1.07163579467391,0.0015792857142857,1.077305,1.07532,1.0738575,1.071835,1.07815,BUY,11,HOLD
2023-01-09 11:00:00,1,EUR/USD,1.07897,1.07917,1.07882,1.07903,3930,0.9,1.07721,1.0744146,1.0770923993480863,1.0760968399920856,65.0063679024647,0.0011641871042422,0.0008998082264774,0.0002643788777648,1.0756335,1.0796459032698684,1.0716210967301314,0.0016214285714285,1.077305,1.07532,1.0738725,1.07244,1.07867,BUY,11,HOLD
2023-01-09 12:00:00,1,EUR/USD,1.07685,1.07726,1.07667,1.0772,3261,1.2,1.077179,1.074435,1.0771119631029795,1.0762019028499823,55.9708248464483,0.0011057366794826,0.0009409939170784,0.0001647427624041,1.0757555,1.0798042891627329,1.071706710837267,0.0017307142857142,1.077305,1.07532,1.0738725,1.07244,1.08032,BUY,9,HOLD
2023-01-09 13:00:00,1,EUR/USD,1.07851,1.07952,1.07829,1.0787,1348,0.9,1.0774209999999995,1.0744938,1.0774006970842562,1.0764398168642697,60.78256050098791,0.0011669993190073,0.0009861949974642,0.000180804321543,1.0760124999999998,1.0801265113604288,1.0718984886395708,0.0017035714285714,1.07735,1.075365,1.0734825,1.07244,1.07996,BUY,11,HOLD
2023-01-09 14:00:00,1,EUR/USD,1.07887,1.07982,1.07887,1.0793,2206,1.5,1.07755,1.0745938000000002,1.077746024887119,1.0767122152581488,62.545777758774285,0.0012495612238314,0.0010388682427376,0.0002106929810937,1.076302,1.0804887741633378,1.072115225836662,0.0016585714285714,1.0775,1.07579,1.07341,1.07244,1.07954,BUY,11,HOLD
2023-01-09 15:00:00,1,EUR/USD,1.07945,1.0804,1.07945,1.07964,3077,1.6,1.0778450000000002,1.074696,1.0780903839985516,1.07699105190023,63.54596978324067,0.0013271289700744,0.001096520388205,0.0002306085818694,1.076635,1.0807683534238408,1.0725016465761592,0.0015692857142857,1.07779,1.076315,1.0733,1.07244,1.08083,BUY,11,HOLD
2023-01-09 16:00:00,1,EUR/USD,1.07979,1.08007,1.07975,1.07977,2098,1.5,1.078171,1.0748103999999998,1.0783957687260877,1.0772557136240175,63.94245236922515,0.001383147814338,0.0011538458734316,0.0002293019409063,1.0769920000000002,1.0808958744587318,1.0730881255412683,0.0015164285714285,1.07852,1.076315,1.0733,1.07244,1.07935,BUY,11,HOLD
2023-01-09 17:00:00,1,EUR/USD,1.07897,1.07968,1.0789,1.07906,4340,1.1,1.078518,1.0749256,1.078516538048617,1.07742755042173,60.09791498703586,0.001354636677344,0.0011940040342141,0.0001606326431299,1.0773005,1.0807929850148588,1.0738080149851412,0.0014792857142857,1.07852,1.076315,1.0733,1.07244,1.08017,BUY,11,HOLD
2023-01-09 18:00:00,1,EUR/USD,1.07869,1.07877,1.07812,1.07828,2128,1.5,1.0786099999999998,1.0749916,1.0784735311306866,1.077508736095851,56.106826241318814,0.0012546392147152,0.0012061310703143,4.850814440090644e-05,1.077531,1.0805970854521796,1.0744649145478204,0.0014,1.078535,1.076315,1.073745,1.07244,1.07958,BUY,9,HOLD
2023-01-09 19:00:00,1,EUR/USD,1.07875,1.07978,1.07792,1.07858,2064,1.8,1.0787669999999998,1.0751108,1.0784928891069252,1.0776107612295796,57.28186739376869,0.0011859273654795,0.0012020903293473,-1.6162963867864116e-05,1.077758,1.0803752271385585,1.0751407728614415,0.0014142857142857,1.078535,1.076315,1.073745,1.07247,1.0802,HOLD,9,HOLD
2023-01-09 20:00:00,1,EUR/USD,1.07834,1.07845,1.07834,1.07838,4826,1.1,1.0787939999999998,1.0752119999999998,1.0784723638147569,1.0776840220648578,56.20167089256295,0.0011026240378391,0.0011821970710457,-7.95730332066064e-05,1.077915,1.080258658857892,1.075571341142108,0.0013764285714285,1.078535,1.076315,1.073745,1.0727250000000002,1.08002,HOLD,9,HOLD
2023-01-09 21:00:00,1,EUR/USD,1.08087,1.08156,1.07986,1.08077,2977,1.0,1.078968,1.075376,1.0788901158484374,1.0779779247253476,64.75496852740565,0.0012154476525045,0.0011888471873374,2.660046516709028e-05,1.078089,1.0807345674946016,1.075443432505398,0.0015085714285714,1.07974,1.076995,1.073745,1.073035,1.07979,BUY,11,HOLD
2023-01-09 22:00:00,1,EUR/USD,1.07972,1.08078,1.07899,1.0799,3961,1.1,1.079238,1.0755494,1.0790737311487215,1.0781609795134095,60.15008101148362,0.0012205892576984,0.0011951956014096,2.539365628873285e-05,1.0782085,1.0809578254675265,1.0754591745324735,0.0014578571428571,1.07974,1.077015,1.073745,1.07356,1.08212,BUY,11,HOLD
2023-01-09 23:00:00,1,EUR/USD,1.08147,1.08225,1.08127,1.08166,2700,1.4,1.079534,1.0757482,1.079543961848954,1.0784942195597518,65.49568167567739,0.001351106592164,0.0012263777995605,0.0001247287926035,1.0784775,1.0814740163984853,1.075480983601515,0.0015742857142857,1.080085,1.07736,1.0738825,1.07356,1.08381,BUY,11,HOLD
2023-01-10 00:00:00,1,EUR/USD,1.08218,1.08275,1.08173,1.08191,1100,1.2,1.079795,1.0759478,1.0799741506036895,1.0788195319826326,66.18947478546468,0.0014579095568632,0.001272684151021,0.0001852254058421,1.0786725,1.0820271126923784,1.075317887307622,0.0014792857142857,1.080335,1.07761,1.074005,1.07356,1.08341,BUY,11,HOLD
2023-01-10 01:00:00,1,EUR/USD,1.08223,1.08269,1.08126,1.08232,7068,0.9,1.0800629999999998,1.076117,1.080400668675746,1.0791529098890484,67.3490063543837,0.0015576792920906,0.0013296831792349,0.0002279961128556,1.078954,1.0825447155129326,1.0753632844870673,0.0015057142857143,1.080335,1.078825,1.074005,1.07402,1.0827,BUY,11,HOLD
2023-01-10 02:00:00,1,EUR/USD,1.08262,1.08296,1.08262,1.08292,3244,0.9,1.080378,1.0763078,1.0808587289165197,1.0795116803758058,69.02325142346302,0.0016659583804643,0.0013969382194808,0.0002690201609834,1.0792745,1.0830843071508145,1.075464692849185,0.0013828571428571,1.0804399999999998,1.07907,1.074005,1.07402,1.08378,BUY,11,HOLD
2023-01-10 03:00:00,1,EUR/USD,1.08182,1.08225,1.08122,1.08139,1624,1.8,1.080611,1.0764516,1.0809553236589704,1.0796905679590625,60.50345113792688,0.0016097558613215,0.0014395017478489,0.0001702541134725,1.0795645,1.083063741872791,1.076065258127209,0.0013385714285714,1.0804399999999998,1.07907,1.074655,1.07436,1.08351,BUY,11,HOLD
2023-01-10 04:00:00,1,EUR/USD,1.08025,1.08038,1.07955,1.08021,9505,0.9,1.080804,1.076572,1.0808198102664304,1.079740037677247,54.87740943723851,0.0014532466983312,0.0014422507379454,1.0995960385802323e-05,1.079707,1.083057193081644,1.076356806918356,0.00139,1.08065,1.07907,1.0749,1.074605,1.08281,BUY,9,SELL
2023-01-10 05:00:00,1,EUR/USD,1.0808,1.08092,1.08044,1.08063,3988,1.7,1.081009,1.0767002,1.0807852993088976,1.0798247959936995,56.4303579264456,0.0013475686168051,0.0014233143137173,-7.574569691220752e-05,1.079888,1.0830079163281765,1.0767680836718234,0.0013621428571428,1.080975,1.07907,1.0749,1.074635,1.08336,HOLD,9,HOLD
2023-01-10 06:00:00,1,EUR/USD,1.07995,1.0805,1.07879,1.07978,1716,1.5,1.081149,1.0768328,1.0806025176163707,1.0798205297085854,52.49286835153112,0.0011816092239651,0.0013749732957669,-0.0001933640718017,1.0799715,1.0829783992596995,1.0769646007403002,0.0014628571428571,1.0808749999999998,1.07907,1.075075,1.07476,1.08223,HOLD,3,HOLD
2023-01-10 07:00:00,1,EUR/USD,1.07754,1.07791,1.07744,1.07746,2978,1.8,1.080818,1.0769068,1.0800311507770306,1.079595717355387,43.55902759700433,0.0008530472013816,0.0012705880768898,-0.0004175408755082,1.079893,1.083079974146524,1.076706025853476,0.0015678571428571,1.0802,1.07907,1.075085,1.07476,1.08193,HOLD,3,HOLD
2023-01-10 08:00:00,1,EUR/USD,1.07745,1.0776,1.07705,1.07755,3407,1.7,1.080583,1.0769634,1.079580032453934,1.0794008871310643,43.9574930669759,0.0005930849648685,0.0011350874544856,-0.000542002489617,1.0799105,1.0830385091196666,1.0767824908803334,0.00154,1.080005,1.07907,1.075085,1.07476,1.08175,HOLD,3,HOLD
2023-01-10 09:00:00,1,EUR/USD,1.07751,1.07817,1.07751,1.07789,2498,1.6,1.080206,1.0770224,1.079272753825946,1.079256993118582,45.52222278904629,0.0004097745520466,0.0009900248739978,-0.0005802503219512,1.07987,1.0830837991946052,1.076656200805395,0.0014542857142857,1.080005,1.0798,1.075085,1.07476,1.08254,HOLD,3,HOLD
2023-01-10 10:00:00,1,EUR/USD,1.07808,1.07808,1.07734,1.07792,2943,1.5,1.0798070000000002,1.077096,1.0790267985848647,1.0791296604406218,45.66637003660764,0.00026387864967,0.0008447956291322,-0.0005809169794622,1.079801,1.0831237376157683,1.0764782623842315,0.00149,1.080005,1.0798,1.0756925,1.07476,1.08298,HOLD,3,HOLD
2023-01-10 11:00:00,1,EUR/USD,1.07799,1.07916,1.07799,1.07881,3077,1.0,1.079456,1.0771998,1.0789873806603438,1.079099216589134,49.90158993265166,0.0002175627301479,0.0007193490493353,-0.0005017863191874,1.0797595,1.0831113100373382,1.0764076899626618,0.0013514285714285,1.07965,1.079815,1.0757625,1.07476,1.083,HOLD,3,HOLD
2023-01-10 12:00:00,1,EUR/USD,1.07832,1.07832,1.07812,1.07815,2877,1.2,1.078979,1.0772895999999998,1.0788351296311904,1.0790088150092163,46.9772077872241,0.0001261464088113,0.0006007085212305,-0.0004745621124192,1.0796785,1.0831066698355154,1.0762503301644846,0.0012728571428571,1.078985,1.079815,1.0763125,1.07531,1.08381,HOLD,3,HOLD
2023-01-10 13:00:00,1,EUR/USD,1.07876,1.08023,1.07851,1.07867,2004,1.1,1.078707,1.0774256,1.078805106061883,1.0789765469131007,49.48880503632048,9.456785039874128e-05,0.0004994803870642,-0.0004049125366654,1.079659,1.0831063660425988,1.076211633957401,0.0012535714285714,1.078985,1.079815,1.0763125,1.07531,1.08249,HOLD,3,HOLD
2023-01-10 14:00:00,1,EUR/USD,1.08081,1.08098,1.08021,1.08032,3210,2.0,1.0787179999999998,1.0775898,1.0790805413233588,1.0791044948261388,56.52576436764456,0.0002003730499282,0.000439658919637,-0.0002392858697087,1.079761,1.0831569040343645,1.0763650959656357,0.0013407142857142,1.079015,1.080005,1.0763125,1.07531,1.0843,HOLD,9,HOLD
2023-01-10 15:00:00,1,EUR/USD,1.07984,1.08026,1.07974,1.07996,2093,0.9,1.078651,1.0777476,1.07924044290093,1.0791859715093637,54.734086309687854,0.0002522674592471,0.000402180627559,-0.0001499131683119,1.0798299999999998,1.0831806448711727,1.076479355128827,0.00128,1.079015,1.080005,1.0763575,1.075355,1.08363,HOLD,9,SELL
2023-01-10 16:00:00,1,EUR/USD,1.07954,1.07963,1.07945,1.07954,3708,1.2,1.078627,1.0778654,1.0792949078280334,1.079219688508472,52.63783730523337,0.0002565463559014,0.0003730537732275,-0.000116507417326,1.079888,1.0831724680735852,1.076603531926415,0.0012707142857143,1.079015,1.080005,1.076645,1.0755050000000002,1.08551,HOLD,9,SELL
2023-01-10 17:00:00,1,EUR/USD,1.08049,1.0811,1.07959,1.08083,2685,1.9,1.078964,1.0780033999999998,1.0795740154956637,1.0793730515076652,57.96308092131576,0.0003598811455207,0.0003704192476861,-1.053810216540595e-05,1.079891,1.0831789678574562,1.0766030321425435,0.0012607142857143,1.0792199999999998,1.080005,1.0770525000000002,1.075795,1.08359,HOLD,9,HOLD
2023-01-10 18:00:00,1,EUR/USD,1.07876,1.07947,1.07872,1.07935,3907,1.7,1.079144,1.0780952,1.079533285405543,1.0793708561259827,50.89301459895839,0.0003186775630796,0.0003600709107648,-4.139334768519284e-05,1.0798635,1.0831603391560916,1.0765666608439086,0.00128,1.0792199999999998,1.080005,1.0774175,1.075795,1.08298,HOLD,3,HOLD
2023-01-10 19:00:00,1,EUR/USD,1.08004,1.08018,1.08004,1.08017,2958,1.1,1.079372,1.0782274,1.0796490516954442,1.0794469650663654,54.224522224696464,0.0003481770063173,0.0003576921298753,-9.515123557984136e-06,1.079789,1.0829805671781614,1.0765974328218388,0.0012885714285714,1.079545,1.080005,1.0774175,1.075795,1.08429,HOLD,9,SELL
2023-01-10 20:00:00,1,EUR/USD,1.07964,1.07979,1.07878,1.07958,2958,0.9,1.079538,1.0783488,1.079636496841727,1.079459635060045,51.51640645556907,0.0003202557495227,0.0003502048538048,-2.994910428208929e-05,1.0796725,1.0827041774929298,1.0766408225070705,0.0012564285714285,1.07961,1.080005,1.077425,1.075795,1.08411,HOLD,9,SELL
2023-01-10 21:00:00,1,EUR/USD,1.07982,1.08126,1.07909,1.0802,2921,1.2,1.079677,1.0784931999999998,1.079738951961413,1.0795301460067073,54.110058969189375,0.0003441891722675,0.0003490017174973,-4.812545229863734e-06,1.0795665,1.0823461953638611,1.0767868046361384,0.0012442857142857,1.079885,1.080005,1.077425,1.075795,1.08571,HOLD,9,SELL
2023-01-10 22:00:00,1,EUR/USD,1.07949,1.08094,1.07928,1.08002,6220,1.9,1.079864,1.0786410000000002,1.0797900516047925,1.0795767987679732,53.219915871253214,0.0003446590713152,0.0003481331882609,-3.474116945752941e-06,1.0794215,1.0817266911668824,1.0771163088331177,0.0013235714285714,1.07999,1.080005,1.077425,1.075795,1.08735,HOLD,9,SELL
2023-01-10 23:00:00,1,EUR/USD,1.07927,1.08041,1.07918,1.07979,2432,1.8,1.079976,1.078779,1.079790042222103,1.0795971036472138,52.04183816086951,0.0003227519087876,0.0003430569323662,-2.0305023578674525e-05,1.0793415,1.081462763526168,1.077220236473832,0.0013642857142857,1.07999,1.080005,1.0783675,1.076375,1.08799,HOLD,9,SELL
2023-01-11 00:00:00,1,EUR/USD,1.08222,1.08245,1.08172,1.08212,5715,0.9,1.080156,1.078948,1.0802136709089931,1.0798373794903364,61.37067433384178,0.000487779038901,0.0003720013536732,0.0001157776852278,1.079437,1.0818717147244712,1.0770022852755288,0.0015014285714285,1.080585,1.080005,1.0783775000000002,1.076375,1.08745,BUY,11,HOLD
2023-01-11 01:00:00,1,EUR/USD,1.08384,1.08445,1.08378,1.08381,7051,1.6,1.080541,1.0791434,1.08086754892554,1.0802157243007806,66.4659339032788,0.0007463298782899,0.0004468670585965,0.0002994628196933,1.079596,1.082685932038101,1.076506067961899,0.0015792857142857,1.081585,1.08075,1.0787225,1.07672,1.08729,BUY,11,HOLD
2023-01-11 02:00:00,1,EUR/USD,1.0831,1.08351,1.08268,1.08341,5432,1.6,1.080928,1.0793068,1.08132981275726,1.0805199410340396,64.3039796414526,0.0009084841840416,0.0005391904836855,0.000369293700356,1.0797775,1.0833079800627916,1.0762470199372085,0.0016107142857142,1.081585,1.08075,1.0789725,1.07698,1.08602,BUY,11,HOLD
2023-01-11 03:00:00,1,EUR/USD,1.08279,1.08295,1.08247,1.0827,2092,1.7,1.081115,1.079415,1.0815789377104854,1.0807275656974644,60.53979512384278,0.0009685368830316,0.0006250597635548,0.0003434771194768,1.0800395,1.0836231674834125,1.0764558325165878,0.0015292857142856,1.081615,1.08075,1.07958,1.07698,1.08552,BUY,11,HOLD
2023-01-11 04:00:00,1,EUR/USD,1.08427,1.08427,1.08301,1.08378,2536,1.5,1.081558,1.0795404,1.0819791308540334,1.0810182737262772,63.99261119719825,0.00109070310722,0.0007181884322878,0.0003725146749321,1.0803509999999998,1.0841026531093263,1.0765993468906734,0.0014764285714285,1.081615,1.08075,1.079755,1.0770849999999998,1.08542,BUY,11,HOLD
2023-01-11 05:00:00,1,EUR/USD,1.08332,1.08386,1.08284,1.08351,3039,2.0,1.081892,1.079685,1.0822574706987549,1.0812555809904414,62.51976180074066,0.0011524492588523,0.0008050405976007,0.0003474086612516,1.080632,1.084448841350492,1.076815158649508,0.0015078571428571,1.08177,1.08075,1.079755,1.0770849999999998,1.08581,BUY,11,HOLD
2023-01-11 06:00:00,1,EUR/USD,1.0829,1.08331,1.08278,1.08281,6401,1.8,1.082215,1.079781,1.0823579305717084,1.0814036208961135,58.74477264958017,0.0011318520926513,0.0008704028966108,0.0002614491960404,1.0808765,1.0845868682609237,1.0771661317390764,0.0015235714285714,1.081815,1.08075,1.07986,1.0770849999999998,1.08318,BUY,9,HOLD
2023-01-11 07:00:00,1,EUR/USD,1.08354,1.08382,1.08317,1.08336,2683,1.1,1.082531,1.0799144,1.0825401250132158,1.081589942715531,60.75009631376088,0.0011466907562529,0.0009256604685392,0.0002210302877136,1.081104,1.0848387494807956,1.0773692505192043,0.0014842857142856,1.081815,1.08075,1.0800225,1.0770849999999998,1.08374,BUY,11,HOLD
2023-01-11 08:00:00,1,EUR/USD,1.08187,1.08329,1.08112,1.08223,2668,1.9,1.082752,1.0800288,1.0824837386471766,1.0816509005521473,54.8509202466846,0.0010551063387755,0.0009515496425865,0.000103556696189,1.081308,1.0848012753443823,1.0778147246556171,0.0014935714285713,1.082785,1.08075,1.0799724999999998,1.0770849999999998,1.0846,BUY,9,SELL
2023-01-11 09:00:00,1,EUR/USD,1.08203,1.08265,1.08144,1.08193,3404,1.8,1.082966,1.0801556,1.0823830588931445,1.0816774814519428,53.3692085546121,0.000947396537746,0.0009507190216184,-3.322483872436957e-06,1.081471,1.0847432302068178,1.0781987697931823,0.0015207142857142,1.082785,1.08075,1.079635,1.0770849999999998,1.08456,HOLD,9,SELL
2023-01-11 10:00:00,1,EUR/USD,1.08227,1.08227,1.08161,1.08175,3810,1.7,1.082929,1.0802434,1.082267957276209,1.0816843879803293,52.45363699259365,0.0008378530008967,0.0009281458174741,-9.029281657732676e-05,1.0815425,1.0847710364127596,1.07831396358724,0.0014685714285714,1.0826950000000002,1.080895,1.0795374999999998,1.0770849999999998,1.08478,HOLD,9,SELL
2023-01-11 11:00:00,1,EUR/USD,1.08265,1.08311,1.08227,1.08254,3026,1.9,1.082802,1.080354,1.0823174195896257,1.0817658748393455,56.01975213608299,0.0008055000532125,0.0009036166646217,-9.81166114092392e-05,1.0816715,1.084839406663978,1.0785035933360223,0.0014107142857142,1.0826950000000002,1.080895,1.0799025,1.0770849999999998,1.08553,HOLD,9,HOLD
2023-01-11 12:00:00,1,EUR/USD,1.08317,1.08333,1.08269,1.08298,5536,1.7,1.082759,1.0804514,1.082437888755148,1.0818815058070268,57.91311710801528,0.0008060725294916,0.0008841078375957,-7.803530810415282e-05,1.0818435,1.08489555556273,1.07879144443727,0.0013485714285713,1.0826950000000002,1.08122,1.0799025,1.0770849999999998,1.08601,HOLD,9,HOLD
2023-01-11 13:00:00,1,EUR/USD,1.08238,1.08424,1.08238,1.083,3100,1.5,1.082789,1.0805308,1.0825400907996665,1.0819880290635004,58.00161695210062,0.0007989304806563,0.0008670723662078,-6.814188555150568e-05,1.081952,1.0850066365103923,1.0788973634896075,0.0013935714285714,1.08268,1.0812849999999998,1.0797325,1.0770849999999998,1.08824,HOLD,9,HOLD
2023-01-11 14:00:00,1,EUR/USD,1.08403,1.08403,1.08312,1.08381,2781,0.8,1.082792,1.080663,1.082770983381545,1.082161550105072,61.53008136900035,0.0008488456221027,0.0008634270173868,-1.4581395284111703e-05,1.082175,1.085077213311485,1.0792727866885148,0.0012771428571428,1.08268,1.08148,1.0794,1.0770849999999998,1.08754,HOLD,11,HOLD
2023-01-11 15:00:00,1,EUR/USD,1.08291,1.08294,1.08199,1.08249,2412,1.0,1.08269,1.0807388,1.0827198954939916,1.082192831047446,53.62359124216944,0.0007729803269727,0.000845337679304,-7.235735233132134e-05,1.082291,1.0850370432779384,1.079544956722062,0.0012407142857142,1.08268,1.081585,1.0794,1.0770849999999998,1.0893,HOLD,9,SELL
2023-01-11 16:00:00,1,EUR/USD,1.08444,1.08451,1.08365,1.0843,5422,1.5,1.082839,1.0808388,1.0830071872223568,1.0823935138048322,61.02008297641815,0.0008491202772045,0.0008460941988841,3.02607832039308e-06,1.082527,1.085097734893924,1.079956265106076,0.0013042857142857,1.082815,1.081615,1.07951,1.0770849999999998,1.09027,BUY,11,HOLD
2023-01-11 17:00:00,1,EUR/USD,1.08349,1.08442,1.08303,1.08363,1977,1.9,1.082866,1.0809186,1.0831204259092009,1.0825112743948482,57.37242819873069,0.000845650206563,0.0008460054004199,-3.551938568840561e-07,1.0826985,1.0850651389669956,1.0803318610330044,0.0013364285714285,1.082975,1.081615,1.07951,1.0770849999999998,1.08945,HOLD,9,HOLD
2023-01-11 18:00:00,1,EUR/USD,1.08581,1.08581,1.08538,1.08551,1466,1.6,1.0831940000000002,1.0810334,1.0835548939257098,1.0827968673096244,63.89444143816752,0.000983265960829,0.0008734575125017,0.0001098084483273,1.082973,1.0853048309950717,1.0806411690049282,0.00138,1.08371,1.082265,1.07951,1.07736,1.09149,BUY,11,HOLD
2023-01-11 19:00:00,1,EUR/USD,1.08365,1.08423,1.08328,1.08359,1962,1.4,1.08336,1.081124,1.0835612768483078,1.0828724037563269,54.69126677952813,0.0009267168684641,0.0008841093836942,4.260748476990863e-05,1.083163,1.0849609532223,1.0813650467777003,0.0014664285714285,1.0839,1.082265,1.0796125,1.077595,1.09242,BUY,9,SELL
2023-01-11 20:00:00,1,EUR/USD,1.08363,1.08363,1.08215,1.08298,8356,1.6,1.083483,1.081218,1.0834555901486154,1.082882651017629,52.12256243675315,0.0008231901793636,0.000871925542828,-4.87353634644886e-05,1.083206,1.08493888199255,1.0814731180074495,0.00152,1.0839,1.082295,1.0796125,1.077595,1.09205,HOLD,9,SELL
2023-01-11 21:00:00,1,EUR/USD,1.08429,1.08463,1.08384,1.08429,5745,0.9,1.083658,1.0813322,1.0836073010306853,1.0830166842540452,56.81359245392779,0.0008371998653462,0.0008649804073317,-2.778054198547813e-05,1.08323,1.0850107390541717,1.0814492609458282,0.0015657142857142,1.0839,1.082295,1.079775,1.077595,1.09089,HOLD,9,HOLD
2023-01-11 22:00:00,1,EUR/USD,1.08442,1.08442,1.08373,1.08411,3115,1.3,1.083771,1.0814468,1.083698700843288,1.0831208095631837,56.00164713818669,0.0008242764014825,0.0008568396061618,-3.2563204679361126e-05,1.083265,1.0850876585556906,1.0814423414443095,0.001455,1.0839,1.08245,1.0798074999999998,1.077595,1.08973,HOLD,9,HOLD
2023-01-11 23:00:00,1,EUR/USD,1.08543,1.08594,1.08523,1.08571,2786,1.1,1.084042,1.0815456,1.0840643915990538,1.0833673991285948,61.296502057300415,0.0009323930448772,0.0008719502939049,6.0442750972285295e-05,1.0834155,1.0855174136644348,1.081313586335565,0.0014992857142857,1.083965,1.08256,1.079945,1.077595,1.09255,BUY,11,HOLD
2023-01-12 00:00:00,1,EUR/USD,1.08796,1.08796,1.0868,1.08735,5489,0.9,1.084396,1.0816945999999998,1.0846617749446803,1.083746694449681,65.83495675874056,0.0011373004658288,0.0009250203282897,0.000212280137539,1.0835940000000002,1.0863353358249896,1.0808526641750107,0.0016128571428571,1.085055,1.08357,1.0799975,1.077595,1.09145,BUY,11,HOLD
2023-01-12 01:00:00,1,EUR/USD,1.08838,1.08861,1.08782,1.08799,1131,1.5,1.084946,1.0818212,1.08526690677292,1.0841508187878066,67.43956074209427,0.0013359339099838,0.0010072030446285,0.0003287308653553,1.0838180000000002,1.0871900248485231,1.080445975151477,0.0016057142857142,1.08538,1.0848650000000002,1.0799975,1.0776949999999998,1.09079,BUY,11,HOLD
2023-01-12 02:00:00,1,EUR/USD,1.08688,1.08806,1.08688,1.08745,3503,1.1,1.085261,1.081932,1.0856638328142074,1.0844650265223013,64.67928979178066,0.0014332571621284,0.0010924138681285,0.0003408432939999,1.08405,1.0877523179083983,1.0803476820916014,0.0016335714285714,1.08538,1.0848650000000002,1.080295,1.077715,1.09053,BUY,11,HOLD
2023-01-12 03:00:00,1,EUR/USD,1.08717,1.08785,1.08717,1.08729,3644,1.8,1.085627,1.0820314,1.0859594995752606,1.0847340716154157,63.84545543126575,0.001480410625636,0.00117001321963,0.000310397406006,1.0842465,1.0882030603083737,1.0802899396916266,0.0015492857142857,1.08538,1.0848650000000002,1.0811675,1.07846,1.09017,BUY,11,HOLD
2023-01-12 04:00:00,1,EUR/USD,1.0866,1.08758,1.08601,1.08602,6840,1.7,1.085678,1.0820934,1.085970499652486,1.084856540985376,57.50807964950549,0.0013991729047302,0.00121584515665,0.0001833277480801,1.084436,1.0883487075024991,1.0805232924975006,0.0015878571428571,1.08538,1.0848650000000002,1.0811675,1.07846,1.08919,BUY,9,HOLD
2023-01-12 05:00:00,1,EUR/USD,1.08565,1.08572,1.08493,1.08552,2237,1.6,1.085871,1.082176,1.0858885906247613,1.0849197275581972,55.18557528813244,0.0012796940874422,0.0012286149428085,5.107914463369986e-05,1.0846155000000002,1.0883703479540472,1.0808606520459532,0.0015357142857142,1.08617,1.0848650000000002,1.0811825000000002,1.079675,1.08941,BUY,9,HOLD
2023-01-12 06:00:00,1,EUR/USD,1.08515,1.08553,1.08494,1.08542,2661,1.1,1.086115,1.0822802,1.0858033923293502,1.0849673725526547,54.709681525496855,0.0011635247110777,0.0012155968964623,-5.207218538463582e-05,1.084799,1.0883153491833244,1.0812826508166755,0.0014335714285714,1.08617,1.0848650000000002,1.0811825000000002,1.079815,1.08955,HOLD,9,SELL
2023-01-12 07:00:00,1,EUR/USD,1.08564,1.08598,1.08496,1.08581,2960,0.9,1.086267,1.0823838,1.0858045937240135,1.0850476227857353,56.29268574433108,0.0010903603881586,0.0011905495948016,-0.0001001892066429,1.0849625,1.0883378526131766,1.0815871473868237,0.0014071428571428,1.08677,1.0848650000000002,1.08126,1.079815,1.08974,HOLD,9,HOLD
2023-01-12 08:00:00,1,EUR/USD,1.08309,1.08366,1.08278,1.08318,3082,1.9,1.086174,1.0824518,1.085327394865102,1.0848697539489986,44.89635350617964,0.0008108115837275,0.0011146019925868,-0.0003037904088592,1.0849725,1.088324224615009,1.0816207753849911,0.0014678571428571,1.085695,1.0848650000000002,1.0812825,1.079815,1.09047,HOLD,3,HOLD
2023-01-12 09:00:00,1,EUR/USD,1.08403,1.08403,1.08341,1.08374,1882,2.0,1.0859770000000002,1.0825774,1.0850387776169017,1.0847621583348084,47.34092346576727,0.0006272242117804,0.0010171264364255,-0.0003899022246451,1.0850095,1.0882850134591653,1.0817339865408346,0.0013692857142857,1.085695,1.0848650000000002,1.0812825,1.079815,1.09034,HOLD,3,HOLD
2023-01-12 10:00:00,1,EUR/USD,1.08416,1.08528,1.08416,1.0846,3763,1.5,1.085702,1.0827184,1.084958999868374,1.0847467146838743,50.94041546372169,0.0005448440860464,0.0009226699663497,-0.0003778258803032,1.085049,1.0882823909201065,1.0818156090798936,0.0013735714285714,1.08542,1.085025,1.0817675,1.079815,1.09071,HOLD,3,HOLD
2023-01-12 11:00:00,1,EUR/USD,1.08442,1.085,1.08439,1.08456,2273,1.1,1.085359,1.0828518,1.0848864544377603,1.0847289323330291,50.76659394711199,0.0004709013198898,0.0008323162370577,-0.0003614149171679,1.0851525,1.0881660404951503,1.0821389595048496,0.0012992857142857,1.085315,1.08511,1.0817675,1.079815,1.09042,HOLD,3,HOLD
2023-01-12 12:00:00,1,EUR/USD,1.0848,1.0854,1.08423,1.08478,3693,0.9,1.085092,1.082989,1.08486709908544,1.0847337959203598,51.74191045756272,0.0004251524139848,0.0007508834724431,-0.0003257310584582,1.0851765,1.0881690259529484,1.0821839740470516,0.0013335714285714,1.08518,1.0853000000000002,1.081795,1.079815,1.09082,HOLD,9,SELL
2023-01-12 13:00:00,1,EUR/USD,1.08551,1.08574,1.08455,1.08553,1969,1.4,1.0849160000000002,1.0831233999999998,1.084987626524451,1.0848096248803254,55.01373653704584,0.0004442932721619,0.0006895654323869,-0.0002452721602249,1.0852715,1.0881766698021065,1.0823663301978936,0.0012878571428571,1.08438,1.0853000000000002,1.081795,1.080545,1.09049,HOLD,9,HOLD
2023-01-12 14:00:00,1,EUR/USD,1.08568,1.0865,1.08472,1.08601,4062,0.9,1.084915,1.0832806,1.0851735126109143,1.0849239463202944,57.022042751845184,0.0004925170981167,0.0006501557655328,-0.0001576386674161,1.0852965,1.0882188658404428,1.0823741341595574,0.0012542857142857,1.08464,1.0853000000000002,1.0819575,1.080545,1.09153,HOLD,9,HOLD
2023-01-12 15:00:00,1,EUR/USD,1.08803,1.089,1.08803,1.08824,2894,1.7,1.085187,1.083472,1.085731055772566,1.0852397609564568,64.86882707223634,0.0007025783053675,0.0006606402734998,4.193803186774861e-05,1.085529,1.0886150289591914,1.0824429710408086,0.0013778571428571,1.08589,1.085495,1.0819825,1.08056,1.0928,BUY,11,HOLD
2023-01-12 16:00:00,1,EUR/USD,1.08723,1.08797,1.08723,1.08754,3169,1.0,1.085399,1.0836164,1.0860599547230083,1.085458831341556,61.09787681422162,0.0008033091280814,0.0006891740444161,0.0001141350836653,1.085757,1.0887214923236483,1.0827925076763518,0.0013657142857143,1.08589,1.085495,1.08208,1.08056,1.093,BUY,11,HOLD
2023-01-12 17:00:00,1,EUR/USD,1.08941,1.0895,1.08903,1.0893,2933,1.7,1.0857480000000002,1.0838032,1.0866490538642797,1.0858246569280745,66.38843711503047,0.0010134736287481,0.0007540339612825,0.0002594396674655,1.0860075,1.0892806692351962,1.082734330764804,0.0014571428571428,1.086455,1.0858249999999998,1.0821325000000002,1.08056,1.091,BUY,11,HOLD
2023-01-12 18:00:00,1,EUR/USD,1.09131,1.09131,1.09017,1.09027,3461,1.8,1.086457,1.0840178,1.087307407707138,1.0862480229349245,68.89886498750109,0.001243961785923,0.0008520195262106,0.0003919422597123,1.0863155,1.089973537869236,1.082657462130764,0.0014885714285714,1.087735,1.08673,1.082215,1.08078,1.09279,BUY,11,HOLD
2023-01-12 19:00:00,1,EUR/USD,1.08885,1.09016,1.08885,1.08945,3295,1.8,1.087028,1.0841902,1.0876969699422037,1.0865529731315984,64.51225068501104,0.0013449543673456,0.0009506064944376,0.0003943478729079,1.0865025,1.0904044556500392,1.0826005443499611,0.0015121428571428,1.08777,1.08673,1.082295,1.08078,1.09187,BUY,11,HOLD
2023-01-12 20:00:00,1,EUR/USD,1.09191,1.09208,1.09124,1.09149,3083,1.0,1.087717,1.084433,1.0883866117708938,1.0870231661666845,69.68350963234792,0.0015714875366386,0.0010747827028778,0.0004967048337607,1.0867095,1.0911962030446267,1.0822227969553733,0.0016578571428571,1.088155,1.0871149999999998,1.0829875,1.08143,1.09119,BUY,11,HOLD
2023-01-12 21:00:00,1,EUR/USD,1.09269,1.09296,1.09206,1.09242,2406,1.9,1.088503,1.084678,1.0891199550852766,1.0875371503412858,71.70757559101557,0.0018052501332452,0.0012208761889513,0.0005843739442939,1.086931,1.0920733684897477,1.0817886315102525,0.00169,1.088755,1.087555,1.0830825,1.08143,1.09115,HOLD,11,HOLD
2023-01-12 22:00:00,1,EUR/USD,1.09219,1.09227,1.09153,1.09205,8360,0.9,1.08923,1.0849274,1.0896526905243171,1.0879669455468777,69.71338075138856,0.0019383091461624,0.0013643627803935,0.0005739463657688,1.087161,1.0927896032669733,1.0815323967330268,0.0015371428571428,1.0888399999999998,1.08787,1.0830975,1.08143,1.09124,BUY,11,HOLD
2023-01-12 23:00:00,1,EUR/USD,1.09106,1.09106,1.09076,1.09089,2989,1.3,1.089766,1.0851412,1.089877655883532,1.0882453316852705,63.72949648791145,0.0019279330549017,0.0014770768352951,0.0004508562196066,1.087341,1.0932120060108204,1.0814699939891794,0.0015685714285714,1.0900949999999998,1.08787,1.0830975,1.08143,1.0927,BUY,11,HOLD
2023-01-13 00:00:00,1,EUR/USD,1.09005,1.09005,1.08963,1.08973,5397,1.7,1.090138,1.0853354,1.0898508093592536,1.0883867286676254,58.33693243088675,0.001805297279072,0.0015427209240505,0.0002625763550215,1.0875265,1.0934559173850775,1.0815970826149226,0.0015485714285714,1.0900949999999998,1.08787,1.083175,1.08143,1.09235,BUY,9,HOLD
2023-01-13 01:00:00,1,EUR/USD,1.09264,1.09299,1.09222,1.09255,3470,1.4,1.090569,1.0855906,1.0903415712939346,1.0887832306992802,65.89268159155529,0.0019135991951135,0.0016168965782631,0.0002967026168504,1.087878,1.0941312336056206,1.0816247663943792,0.0017378571428571,1.09092,1.087885,1.0832625,1.081495,1.09229,BUY,11,HOLD
2023-01-13 02:00:00,1,EUR/USD,1.09141,1.09207,1.09073,1.09145,1031,1.4,1.09096,1.0857772,1.0905431037859463,1.08903720872792,61.22816738623315,0.0018888944376518,0.0016712961501409,0.0002175982875109,1.0881795,1.0945146699183912,1.081844330081609,0.0017842857142856,1.09092,1.087885,1.0843125,1.082505,1.09258,BUY,11,HOLD
2023-01-13 03:00:00,1,EUR/USD,1.09097,1.09106,1.09025,1.09079,1958,1.8,1.091109,1.0859168,1.0905879940066832,1.0892041412300228,58.55003174188754,0.001795363423257,0.0016961096047641,9.925381849290246e-05,1.0884285,1.0947630079151005,1.0820939920848998,0.0017849999999999,1.09092,1.087885,1.0851225000000002,1.08283,1.09274,BUY,9,HOLD
2023-01-13 04:00:00,1,EUR/USD,1.09022,1.09073,1.09022,1.09053,6685,1.6,1.091135,1.0860592,1.0905774496418317,1.0893304134938302,57.48334125748687,0.0016808834157024,0.0016930643669518,-1.2180951249310531e-05,1.088796,1.0946856319248897,1.08290636807511,0.0016985714285714,1.09131,1.087885,1.0851225000000002,1.08283,1.09039,HOLD,9,HOLD
2023-01-13 05:00:00,1,EUR/USD,1.09014,1.091,1.0895,1.09017,5500,2.0,1.091207,1.0862086,1.0905033678887712,1.0894103741134653,55.96305260448258,0.0015433177868129,0.001663115050924,-0.000119797264111,1.0891175,1.094527517511417,1.0837074824885828,0.0015921428571428,1.0912449999999998,1.087885,1.0851225000000002,1.08283,1.09047,HOLD,9,HOLD
2023-01-13 06:00:00,1,EUR/USD,1.08958,1.08958,1.08855,1.08919,2363,1.0,1.090977,1.0863168,1.0902645737271766,1.0893893861026591,51.9362345702897,0.0013397741426763,0.0015984468692745,-0.0002586727265981,1.089347,1.094322062443422,1.084371937556578,0.0016357142857142,1.09077,1.087885,1.0851225000000002,1.08283,1.09037,HOLD,3,HOLD
2023-01-13 07:00:00,1,EUR/USD,1.08924,1.08963,1.08912,1.08941,4397,1.6,1.090676,1.0864348,1.0901091966858716,1.0893913493309773,52.758036561202026,0.0011825844027668,0.0015152743759729,-0.0003326899732061,1.0895895,1.0940257358392236,1.0851532641607764,0.0015321428571428,1.09077,1.087885,1.0855175,1.08283,1.09068,HOLD,9,SELL
2023-01-13 08:00:00,1,EUR/USD,1.08932,1.0906,1.089,1.08955,3854,1.8,1.090426,1.0865696,1.0900075245611676,1.0894064589185033,53.305186895813655,0.0010571213939742,0.0014236437795732,-0.0003665223855989,1.089828,1.0936452329465964,1.0860107670534036,0.0015028571428571,1.09077,1.087885,1.0855175,1.08283,1.09008,HOLD,9,SELL
2023-01-13 09:00:00,1,EUR/USD,1.08935,1.09014,1.08935,1.08974,4523,1.9,1.090311,1.0866972,1.0899588837318643,1.0894382247357888,54.08245071380597,0.0009619338925672,0.001331301802172,-0.0003693679096047,1.0900385,1.0932784563025242,1.0867985436974756,0.0014578571428571,1.09077,1.087885,1.0858175,1.08283,1.08914,HOLD,9,SELL
2023-01-13 10:00:00,1,EUR/USD,1.09016,1.09151,1.09016,1.09047,5185,1.5,1.090385,1.086862,1.0900518139624344,1.089536489046666,57.0411971142781,0.000934628198957,0.001251967081529,-0.0003173388825719,1.0902615,1.0928902901960598,1.0876327098039402,0.0013964285714285,1.09031,1.0882,1.08528,1.08283,1.09023,HOLD,9,HOLD
2023-01-13 11:00:00,1,EUR/USD,1.09028,1.09048,1.09028,1.09034,1860,0.9,1.090164,1.0870302,1.09010421142381,1.0896130138993645,56.34490273047201,0.0008922134452857,0.0011800163542803,-0.0002878029089946,1.0903665,1.0928170318434889,1.0879159681565111,0.0013057142857142,1.09003,1.088575,1.08528,1.08283,1.09051,HOLD,9,HOLD
2023-01-13 12:00:00,1,EUR/USD,1.09056,1.09081,1.09032,1.09071,3852,1.7,1.09009,1.0872094,1.090214354801299,1.0897174887660916,57.91933839516809,0.0008783305078476,0.0011196791849938,-0.0002413486771461,1.090525,1.0925846729429067,1.0884653270570932,0.0012771428571428,1.09003,1.08861,1.0852225,1.08283,1.09164,HOLD,9,HOLD
2023-01-13 13:00:00,1,EUR/USD,1.09064,1.09091,1.09014,1.09042,2457,0.9,1.090053,1.087367,1.0902517448374265,1.0897843945978924,56.208244086017785,0.0008343101949506,0.0010626053869852,-0.0002282951920345,1.0905809999999998,1.092559749206245,1.0886022507937545,0.00124,1.09003,1.08861,1.0852125,1.08283,1.0914,HOLD,9,HOLD
2023-01-13 14:00:00,1,EUR/USD,1.09071,1.09183,1.0907,1.09082,2952,1.2,1.090082,1.0875237999999998,1.0903550639578945,1.0898830236838075,58.049163007736105,0.000822222369234,0.0010145287834349,-0.0001923064142009,1.0906085,1.092584335865801,1.0886326641341992,0.0012507142857143,1.09019,1.0887699999999998,1.0852400000000002,1.082975,1.09079,HOLD,9,HOLD
2023-01-13 15:00:00,1,EUR/USD,1.09084,1.09137,1.09007,1.09049,1935,0.9,1.0901140000000002,1.0876736,1.0903795977837316,1.0899408309520164,55.95912326077445,0.0007770570086957,0.0009670344284871,-0.0001899774197913,1.0906604999999998,1.0925612751881677,1.088759724811832,0.0011107142857143,1.090415,1.088855,1.08484,1.082975,1.09255,HOLD,9,HOLD
2023-01-13 16:00:00,1,EUR/USD,1.09147,1.09246,1.09147,1.09153,3087,0.9,1.090348,1.087828,1.0905887618230532,1.0900921803851578,60.75477391450523,0.0008157786548985,0.0009367832737694,-0.0001210046188708,1.0906625,1.0925670306094335,1.0887579693905665,0.0011214285714286,1.09073,1.09011,1.0849700000000002,1.0833,1.09315,HOLD,11,HOLD
2023-01-13 17:00:00,1,EUR/USD,1.09288,1.09299,1.09216,1.0928,4109,1.8,1.090687,1.0880342,1.0909908051279524,1.0903500679675238,65.67076067400579,0.0009381300454573,0.000937052628107,1.077417350381295e-06,1.0906815,1.0926657673313518,1.0886972326686484,0.00114,1.09117,1.09011,1.0856925,1.08356,1.09274,BUY,11,HOLD
2023-01-13 18:00:00,1,EUR/USD,1.09323,1.09355,1.09153,1.093,2149,1.7,1.091032,1.0882082,1.0913561132865064,1.0906024424468073,66.38487186546132,0.0010392528723004,0.0009574926769457,8.176019535474296e-05,1.090729,1.09288891130426,1.0885690886957402,0.0012435714285714,1.0918100000000002,1.09105,1.0856925,1.083755,1.09402,BUY,11,HOLD
2023-01-13 19:00:00,1,EUR/USD,1.09169,1.09169,1.09088,1.091,1708,1.6,1.091158,1.0883556,1.0912913654162324,1.0906403050709208,54.23503062329131,0.0009470926611681,0.0009554126737901,-8.320012622078975e-06,1.0907345,1.0928966964953202,1.0885723035046797,0.0012878571428571,1.0918100000000002,1.09105,1.08614,1.08411,1.09279,HOLD,9,SELL
2023-01-13 20:00:00,1,EUR/USD,1.09227,1.0932,1.09227,1.09279,2635,1.4,1.09139,1.0885012,1.0915638444314628,1.0908450379213093,61.09757648602399,0.0010068863115781,0.0009657074013477,4.11789102304082e-05,1.0908875,1.0931795721491713,1.0885954278508287,0.0013292857142857,1.0918100000000002,1.09105,1.0872324999999998,1.0850149999999998,1.09082,BUY,11,HOLD
2023-01-13 21:00:00,1,EUR/USD,1.09236,1.09236,1.09179,1.09187,4046,1.4,1.0915430000000002,1.0886668,1.0916195090802876,1.0909426533573752,56.41517884439428,0.0009688683874085,0.0009663395985599,2.528788848577294e-06,1.0908535,1.093060324582292,1.0886466754177084,0.0013642857142857,1.0918100000000002,1.09105,1.08725,1.0850149999999998,1.09031,BUY,9,HOLD
2023-01-13 22:00:00,1,EUR/USD,1.09076,1.0913,1.09076,1.09119,2195,1.0,1.0915909999999998,1.088831,1.0915414165202353,1.0909662101804822,53.171561187039806,0.0008737960150546,0.0009478308818588,-7.403486680421332e-05,1.0908405,1.093035561202877,1.0886454387971232,0.0013292857142857,1.0918100000000002,1.09105,1.087635,1.0854,1.09257,HOLD,9,SELL
2023-01-13 23:00:00,1,EUR/USD,1.0913,1.0913,1.09002,1.09115,1603,1.1,1.091664,1.0889681999999998,1.0914702498801925,1.0909837139728171,52.978595492114586,0.0007861604411016,0.0009154967937074,-0.0001293363526057,1.0908585,1.0930577178035683,1.0886592821964314,0.0013642857142857,1.091785,1.09105,1.088155,1.08584,1.09471,HOLD,9,SELL
2023-01-14 00:00:00,1,EUR/USD,1.09099,1.09204,1.09099,1.09124,3496,1.4,1.0917059999999998,1.0891108,1.091428386265612,1.0910081221658825,53.388464352553314,0.0007157204849721,0.0008755415319603,-0.0001598210469882,1.090894,1.0930938124322331,1.088694187567767,0.0013128571428571,1.091785,1.09105,1.088355,1.08587,1.09499,HOLD,9,SELL
2023-01-14 01:00:00,1,EUR/USD,1.09245,1.09291,1.09245,1.0927,2704,1.5,1.091927,1.0892506,1.0916595887627734,1.0911692533881792,59.548509366926254,0.0007688433628194,0.0008542018981321,-8.535853531273642e-05,1.0910205,1.0933330968543375,1.0887079031456623,0.0014178571428571,1.091785,1.09105,1.0889825,1.08587,1.09456,HOLD,9,HOLD
2023-01-14 02:00:00,1,EUR/USD,1.09236,1.09279,1.09177,1.09235,7712,2.0,1.092009,1.0893506000000002,1.0917851180786329,1.091281705446448,57.58382653993629,0.0007737818755164,0.000838117893609,-6.433601809258452e-05,1.0911785,1.0933942833354462,1.088962716664554,0.0014557142857142,1.091785,1.09105,1.0889825,1.086025,1.09579,HOLD,9,HOLD
2023-01-14 03:00:00,1,EUR/USD,1.09184,1.09251,1.09184,1.09229,1177,1.3,1.091958,1.0894366,1.0918769147916083,1.0913777334991672,57.235201435921134,0.0007640467287632,0.0008233036606398,-5.9256931876608366e-05,1.0913225,1.0934258394500824,1.0892191605499175,0.0014485714285714,1.09161,1.09105,1.0894025,1.086085,1.09507,HOLD,9,HOLD
2023-01-14 04:00:00,1,EUR/USD,1.09287,1.09287,1.09172,1.09258,2341,1.1,1.091916,1.0895392000000002,1.0920047484658617,1.091492235070675,58.5416497420768,0.0007708462949396,0.0008128121874998,-4.1965892560222925e-05,1.091474,1.0934737199804396,1.0894742800195605,0.0014299999999999,1.09161,1.09105,1.0894025,1.086085,1.09501,HOLD,9,HOLD
2023-01-14 05:00:00,1,EUR/USD,1.09251,1.09282,1.0924,1.09274,3538,1.3,1.09209,1.0896482,1.0921384305629775,1.091611069825849,59.28076159460293,0.0007801525499786,0.0008062802599956,-2.6127710016952705e-05,1.091624,1.093523622123133,1.0897243778768668,0.0013671428571428,1.091465,1.09105,1.0894025,1.087055,1.09511,HOLD,9,HOLD
2023-01-14 06:00:00,1,EUR/USD,1.09007,1.09078,1.09007,1.09039,2791,0.9,1.09185,1.0897356,1.0918205340969815,1.0914947774614825,46.24118040218951,0.0005910887606219,0.0007632419601208,-0.0001721531994989,1.09162,1.0935301611946755,1.0897098388053246,0.0014171428571428,1.091465,1.09105,1.0895975,1.087055,1.09583,HOLD,3,HOLD
2023-01-14 07:00:00,1,EUR/USD,1.09087,1.09087,1.09038,1.09047,5316,1.2,1.09171,1.0898346,1.0915749824429848,1.091397179608008,46.67122485457555,0.0004426075722583,0.0006991150825483,-0.00025650751029,1.0916264999999998,1.0935191258562509,1.089733874143749,0.0013478571428571,1.091465,1.09105,1.089565,1.087055,1.09687,HOLD,3,HOLD
2023-01-14 08:00:00,1,EUR/USD,1.09044,1.09044,1.08998,1.09037,4800,1.7,1.091628,1.0899336,1.0913558947260784,1.091299352978674,46.173986403428685,0.0003132549879591,0.0006219430636305,-0.0003086880756713,1.0916095,1.093542465815082,1.089676534184918,0.0012385714285714,1.091445,1.091275,1.0893275,1.087055,1.09791,HOLD,3,HOLD
2023-01-14 09:00:00,1,EUR/USD,1.09012,1.09071,1.09012,1.09068,2158,1.4,1.091581,1.090031,1.0912330047758825,1.091240366980705,48.0227013434072,0.0002330698579477,0.0005441684224939,-0.0003110985645461,1.0916225000000002,1.0935250398536975,1.0897199601463028,0.0011292857142857,1.091445,1.091275,1.0893275,1.087055,1.09839,HOLD,3,HOLD
2023-01-14 10:00:00,1,EUR/USD,1.08974,1.09013,1.08974,1.09008,5613,1.6,1.091465,1.090169,1.0910233675439036,1.0911298558396854,44.81442528141569,0.0001197274357682,0.0004592802251488,-0.0003395527893805,1.0915855,1.093580298235454,1.0895907017645463,0.0010392857142857,1.091305,1.09145,1.0893275,1.087055,1.09836,HOLD,3,HOLD
2023-01-14 11:00:00,1,EUR/USD,1.08974,1.08974,1.08868,1.08914,2053,1.1,1.091109,1.090277,1.0906809370813757,1.090940345759715,40.27480417024874,-4.542377745808679e-05,0.0003583394246274,-0.0004037632020855,1.0915180000000002,1.0937465477924713,1.0892894522075292,0.0010678571428571,1.090775,1.091115,1.0893275,1.087055,1.0982,HOLD,2,HOLD
2023-01-14 12:00:00,1,EUR/USD,1.09014,1.09059,1.08947,1.09023,3443,1.9,1.090897,1.0903896,1.0905989485211256,1.0908726937825994,46.98154269944603,-8.734653679520754e-05,0.0002692022323429,-0.0003565487691381,1.091453,1.093754707375466,1.089151292624534,0.0010921428571428,1.090775,1.091115,1.089255,1.087055,1.0982,HOLD,2,BUY
2023-01-14 13:00:00,1,EUR/USD,1.08991,1.0915,1.08991,1.09051,5354,1.5,1.090719,1.0905086,1.0905827760627391,1.09083815151759,48.5789289116472,-9.686041904766184e-05,0.0001959897020648,-0.0002928501211124,1.0913385000000002,1.093585249933421,1.089091750066579,0.0011142857142857,1.09075,1.091115,1.0893025,1.087055,1.09736,HOLD,2,BUY
2023-01-14 14:00:00,1,EUR/USD,1.0915,1.09225,1.09104,1.09164,1714,1.9,1.090625,1.0906458,1.0907749985967865,1.0909145180397244,54.53265013225069,-1.3068042817421244e-05,0.0001541781530883,-0.0001672461959057,1.0912705,1.0933838806791265,1.0891571193208736,0.0011635714285714,1.090465,1.091115,1.08932,1.087215,1.09707,SELL,8,SELL
2023-01-14 15:00:00,1,EUR/USD,1.09142,1.09193,1.09117,1.0914,2749,1.6,1.090491,1.0907632,1.090888635215553,1.0909607544168936,53.12572211842211,3.358487921834019e-05,0.0001300594983143,-9.647461909601738e-05,1.0912905,1.093400670609256,1.0891803293907438,0.0010985714285714,1.090465,1.091115,1.08932,1.0873,1.09738,SELL,9,SELL
2023-01-14 16:00:00,1,EUR/USD,1.09052,1.0909,1.08987,1.09079,4829,1.2,1.090531,1.0908588,1.0908707015399977,1.090944492091475,49.62153229910937,2.1092611534490047e-05,0.0001082661209583,-8.717350942389403e-05,1.0911905,1.0931880192509866,1.0891929807490133,0.001135,1.090465,1.091115,1.08948,1.0874899999999998,1.09935,SELL,3,HOLD
2023-01-14 17:00:00,1,EUR/USD,1.09253,1.09358,1.0923,1.09255,1680,0.8,1.090739,1.090945,1.0911760285327252,1.0910973976065728,58.1904296874879,0.0001514637110808,0.0001169056389828,3.455807209799609e-05,1.0912245,1.093292618646744,1.089156381353256,0.0012864285714285,1.0911300000000002,1.0911300000000002,1.089635,1.0874899999999998,1.09828,HOLD,9,HOLD
2023-01-14 18:00:00,1,EUR/USD,1.09311,1.09315,1.09291,1.09315,2852,1.0,1.091017,1.0910572,1.091534932435866,1.091292883548804,60.64780421397193,0.0002997434761262,0.0001534732064115,0.0001462702697147,1.0913225,1.0935623578432712,1.0890826421567288,0.0012471428571428,1.0911300000000002,1.0911300000000002,1.09042,1.0874899999999998,1.09826,HOLD,11,HOLD
2023-01-14 19:00:00,1,EUR/USD,1.09271,1.09373,1.09255,1.09274,3342,1.9,1.0912229999999998,1.091126,1.091754035629345,1.0914307041632036,58.13336874326462,0.0003797946484425,0.0001987374948177,0.0001810571536247,1.091402,1.0937273169563604,1.0890766830436396,0.0013014285714286,1.091205,1.091205,1.09064,1.0874899999999998,1.09842,BUY,9,HOLD
2023-01-14 20:00:00,1,EUR/USD,1.09417,1.09423,1.09397,1.09402,1359,1.4,1.091617,1.091201,1.0921660291512822,1.091677303766708,63.25525369578502,0.0005402929213575,0.0002670485801257,0.0002732443412318,1.091541,1.0941416064070482,1.0889403935929516,0.0012171428571429,1.09185,1.091455,1.09143,1.08777,1.09933,BUY,11,HOLD
2023-01-14 21:00:00,1,EUR/USD,1.09331,1.09331,1.09215,1.09279,3378,1.8,1.091982,1.0912678,1.0922794783965035,1.0917832748365452,56.14691155267255,0.0005617625890677,0.0003259913819141,0.0002357712071535,1.0915455,1.0941548473675191,1.0889361526324808,0.0013157142857143,1.09205,1.091455,1.09143,1.08785,1.09843,BUY,9,HOLD
2023-01-14 22:00:00,1,EUR/USD,1.09062,1.09112,1.09039,1.09082,2740,1.1,1.092041,1.0912544,1.0920141186880483,1.091691534375922,47.030973675334806,0.0004150307037797,0.0003437992462872,7.123145749254243e-05,1.091469,1.0940687319700229,1.0888692680299772,0.0014521428571428,1.09205,1.091455,1.09143,1.08785,1.09886,BUY,3,HOLD
2023-01-14 23:00:00,1,EUR/USD,1.09062,1.09062,1.09004,1.09031,1197,1.0,1.092021,1.0912122000000002,1.091704278926585,1.091559959673453,44.9942964164511,0.0002546563696794,0.0003259706709656,-7.131430128622335e-05,1.09137,1.0939888225558667,1.0887511774441332,0.0014657142857143,1.09205,1.091455,1.09143,1.08785,1.09871,HOLD,3,HOLD
2023-01-15 00:00:00,1,EUR/USD,1.09248,1.09307,1.09119,1.09257,5169,1.5,1.092114,1.0912226,1.091861682758115,1.0916561539902674,54.4149771623646,0.0003063897960147,0.0003220544959755,-1.566469996078419e-05,1.0913695,1.0939873534799096,1.0887516465200906,0.0015957142857143,1.09205,1.091455,1.09143,1.08785,1.09881,HOLD,9,SELL
2023-01-15 01:00:00,1,EUR/USD,1.0947,1.09495,1.09401,1.09471,2244,1.5,1.092445,1.091299,1.0923795586202758,1.0919469964673847,61.19262081312164,0.0005141423118497,0.0003604720591503,0.0001536702526994,1.091468,1.0944287651927307,1.0885072348072695,0.0016657142857143,1.092495,1.091815,1.0914175,1.08785,1.10013,BUY,11,HOLD
2023-01-15 02:00:00,1,EUR/USD,1.09502,1.09524,1.09439,1.09499,3477,0.9,1.092865,1.0914042,1.0928541843256805,1.0922368063276338,61.98895079273526,0.0006933883876538,0.000427055324851,0.0002663330628028,1.091698,1.095001061418898,1.088394938581102,0.0016228571428571,1.0926399999999998,1.09196,1.0914175,1.088165,1.09952,BUY,11,HOLD
2023-01-15 03:00:00,1,EUR/USD,1.09452,1.09492,1.09408,1.09456,1658,2.0,1.093066,1.0914444,1.093164332630102,1.092458062867859,59.95426479251791,0.0007916194910597,0.0004999681580927,0.0002916513329669,1.0919025000000002,1.0953869066171813,1.0884180933828191,0.0015742857142857,1.0926399999999998,1.09196,1.0914175,1.088165,1.10112,BUY,9,HOLD
2023-01-15 04:00:00,1,EUR/USD,1.09621,1.09621,1.09482,1.09579,1895,1.7,1.09333,1.0915312,1.0936417266973562,1.0927753902137771,63.63155230752266,0.0009576795351406,0.0005915104335023,0.0003661691016383,1.0921735,1.0959838862216404,1.0883631137783594,0.0015678571428571,1.093125,1.092445,1.0914175,1.088165,1.10186,BUY,11,HOLD
2023-01-15 05:00:00,1,EUR/USD,1.09597,1.09597,1.09375,1.09507,2604,1.8,1.093563,1.0916168,1.0939014127523825,1.0929939244791318,60.14964212731392,0.0010194339339488,0.0006770951335916,0.0003423388003571,1.092393,1.0963443094432053,1.0884416905567946,0.0016721428571428,1.093125,1.092445,1.09133,1.088165,1.10087,BUY,11,HOLD
2023-01-15 06:00:00,1,EUR/USD,1.09523,1.09523,1.09473,1.09501,3935,1.0,1.093662,1.0917064,1.094102974070131,1.0931859316715955,59.85570080871188,0.0010514132044232,0.0007519587477579,0.0002994544566652,1.0926395,1.0965983540341029,1.088680645965897,0.0015985714285714,1.093125,1.092445,1.09133,1.088165,1.1005,BUY,9,HOLD
2023-01-15 07:00:00,1,EUR/USD,1.09507,1.09575,1.095,1.09511,4923,1.4,1.093894,1.0918052,1.094286069693743,1.0933691762743007,60.20474347965092,0.0010724634795307,0.0008160596941125,0.0002564037854181,1.0929379999999995,1.0966802008722938,1.0891957991277057,0.0014528571428571,1.093125,1.092445,1.0912575,1.088165,1.0994,BUY,11,HOLD
2023-01-15 08:00:00,1,EUR/USD,1.0957,1.09594,1.0957,1.09583,5229,1.6,1.094395,1.091938,1.094566784294881,1.093603540438653,62.71821506496389,0.0011341699517142,0.0008796817456328,0.0002544882060813,1.093218,1.0969450482182594,1.0894909517817406,0.0014692857142857,1.0937,1.092445,1.0912575,1.088165,1.10205,BUY,11,HOLD
2023-01-15 09:00:00,1,EUR/USD,1.09725,1.09725,1.09646,1.09687,2285,1.1,1.0950510000000002,1.0920872,1.0949855507867208,1.093914631825448,66.05343258703445,0.0012525534276222,0.0009542560820307,0.0002982973455914,1.0935359999999998,1.0973738469841647,1.089698153015835,0.0014864285714285,1.0955,1.092965,1.0912575,1.088165,1.10266,BUY,11,HOLD
2023-01-15 10:00:00,1,EUR/USD,1.09808,1.0982,1.09752,1.09791,2163,1.7,1.095585,1.0922544,1.0955172688254986,1.0942951430801673,69.03649310623649,0.0014139928639873,0.001046203438422,0.0003677894255652,1.0938495,1.0980430914767494,1.0896559085232504,0.001475,1.095975,1.0934400000000002,1.09136,1.088165,1.1034,BUY,11,HOLD
2023-01-15 11:00:00,1,EUR/USD,1.09858,1.09877,1.09774,1.09839,3732,1.5,1.095953,1.0924274,1.0960395835844987,1.0946851294534847,70.33230297283009,0.0015626534723762,0.0011494934452129,0.0004131600271633,1.094199,1.098687759763087,1.0897102402369132,0.001415,1.09626,1.093725,1.09136,1.088165,1.10511,HOLD,11,HOLD
2023-01-15 12:00:00,1,EUR/USD,1.09811,1.09884,1.09811,1.09836,2126,1.2,1.0962900000000002,1.0925851999999998,1.0964614774782262,1.0950351171245811,70.13474001228136,0.001658924279833,0.0012513796121369,0.0004075446676961,1.0945775000000002,1.099132080690178,1.0900229193098223,0.0012957142857143,1.096295,1.09376,1.0913775,1.088165,1.10334,HOLD,11,HOLD
2023-01-15 13:00:00,1,EUR/USD,1.09821,1.09826,1.09813,1.0982,4041,1.2,1.096654,1.0927424,1.096777572482185,1.095336534541288,69.02120248434824,0.0017026814733696,0.0013416399843834,0.0003610414889861,1.09486,1.0995828581890492,1.090137141810951,0.0012564285714285,1.096295,1.094155,1.090945,1.088165,1.10517,BUY,11,HOLD
2023-01-15 14:00:00,1,EUR/USD,1.09851,1.09865,1.09784,1.0982,1334,1.1,1.096895,1.0928922,1.0970361956672423,1.0956092455373558,69.02119510842942,0.0017175603973842,0.0014168240669836,0.0003007363304006,1.0951125000000002,1.0999879373623165,1.0902370626376838,0.0011171428571428,1.096785,1.094355,1.090945,1.08848,1.10476,BUY,11,HOLD
2023-01-15 15:00:00,1,EUR/USD,1.09731,1.09784,1.09702,1.09736,4231,1.9,1.097124,1.093031,1.0970950691822892,1.0957759840576078,62.93698724966212,0.0016426357891632,0.0014619864114195,0.0001806493777436,1.0953435,1.1001832967552123,1.0905037032447875,0.0010314285714285,1.09692,1.094355,1.0909325,1.088855,1.10503,BUY,11,HOLD
2023-01-15 16:00:00,1,EUR/USD,1.09667,1.09817,1.09667,1.09707,3071,1.2,1.09733,1.093156,1.0970905111491456,1.0958992236711689,60.93976356102736,0.0015420807737289,0.0014780052838814,6.407548984753864e-05,1.095496,1.10035238548719,1.09063961451281,0.0010778571428571,1.09727,1.094355,1.09079,1.08889,1.10477,BUY,11,HOLD
2023-01-15 17:00:00,1,EUR/USD,1.09738,1.09785,1.09719,1.09738,4923,1.3,1.097557,1.0932938,1.0971431454856646,1.0960402499882005,62.31639525412152,0.0014704541288874,0.0014764950528826,-6.040923995173034e-06,1.0957255,1.1004761209012672,1.0909748790987326,0.0010685714285714,1.09765,1.094355,1.09079,1.08889,1.10494,HOLD,11,HOLD
2023-01-15 18:00:00,1,EUR/USD,1.09919,1.10004,1.09919,1.09935,4462,1.8,1.097909,1.0934502,1.0975443917609984,1.0963554642750386,69.63932971219576,0.0015547300723435,0.0014921420567748,6.258801556870792e-05,1.096152,1.100568116893974,1.091735883106026,0.0011407142857142,1.098355,1.09504,1.09079,1.08905,1.10717,BUY,11,HOLD
2023-01-15 19:00:00,1,EUR/USD,1.0979,1.09841,1.09753,1.09828,3079,1.7,1.09805,1.0935598,1.097678138713544,1.0965387533917017,62.53153608407654,0.0015176843861925,0.0014972505226583,2.0433863534224415e-05,1.0965505,1.100100393845734,1.093000606154266,0.0011121428571428,1.098355,1.09504,1.0911300000000002,1.08915,1.10869,BUY,11,HOLD
2023-01-15 20:00:00,1,EUR/USD,1.09812,1.09923,1.09787,1.09826,2293,1.7,1.098085,1.093665,1.0977839316747176,1.0967026816401109,62.4033206999832,0.0014697689980551,0.0014917542177377,-2.1985219682557055e-05,1.096835,1.0999237742416668,1.0937462257583332,0.0011735714285714,1.098355,1.09504,1.0911300000000002,1.090405,1.10822,HOLD,11,HOLD
2023-01-15 21:00:00,1,EUR/USD,1.09874,1.09877,1.09841,1.09842,1778,0.9,1.0980880000000002,1.0938134,1.0978995804611325,1.0968662357696242,63.05590171456048,0.0014282424803058,0.0014790518702513,-5.080938994553156e-05,1.0970205,1.1000161422736658,1.094024857726334,0.0011564285714285,1.098355,1.09504,1.091205,1.09048,1.10671,HOLD,11,HOLD
2023-01-15 22:00:00,1,EUR/USD,1.09923,1.09981,1.09897,1.09933,1520,1.8,1.098185,1.0939442,1.0981596567409264,1.097100879982041,66.60616743149964,0.0014520237842878,0.0014736462530586,-2.1622468770775676e-05,1.0972375,1.1002425825367743,1.0942324174632252,0.0011964285714285,1.098355,1.09504,1.0916525,1.09139,1.10718,HOLD,11,HOLD
2023-01-15 23:00:00,1,EUR/USD,1.09838,1.09899,1.09806,1.09843,4781,1.9,1.098208,1.0940754,1.098208810060758,1.0972274628408942,60.42178372391552,0.0013823137086692,0.0014553797441807,-7.306603551151918e-05,1.0974309999999998,1.1001992097578317,1.094662790242168,0.0011857142857142,1.098355,1.09504,1.0917525,1.09139,1.10697,HOLD,11,HOLD
2023-01-16 00:00:00,1,EUR/USD,1.09867,1.09891,1.09867,1.09886,880,1.6,1.098274,1.0942288,1.0983272082315292,1.097382942570333,62.22637609759845,0.001346246684083,0.0014335531321612,-8.730644807821569e-05,1.0975845000000002,1.100309707669574,1.0948592923304263,0.001125,1.098355,1.09504,1.0917525,1.09139,1.10662,HOLD,11,HOLD
2023-01-16 01:00:00,1,EUR/USD,1.09877,1.099,1.09826,1.09871,3084,1.7,1.098409,1.09438,1.0983968067348877,1.097509328992206,61.17844374240367,0.0012906813892181,0.0014049787835726,-0.0001142973943544,1.0977665,1.1002610690483612,1.0952719309516386,0.0011042857142857,1.098615,1.095615,1.0917525,1.09139,1.10612,HOLD,11,HOLD
2023-01-16 02:00:00,1,EUR/USD,1.0987,1.09892,1.09847,1.09881,4055,0.9,1.098583,1.0945314,1.09847193278309,1.0976332024215196,61.64220653877666,0.001240415914447,0.0013720662097474,-0.0001316502953004,1.0979565,1.100124557826038,1.095788442173962,0.0010842857142856,1.098785,1.096895,1.0917525,1.09139,1.10572,HOLD,11,HOLD
2023-01-16 03:00:00,1,EUR/USD,1.0992,1.10035,1.0992,1.10013,3006,1.3,1.098858,1.09468,1.0987733995498008,1.097870992667089,67.21050469000656,0.001292197483621,0.0013560924645222,-6.389498090112887e-05,1.0982075,1.100137254552212,1.096277745447788,0.0011778571428571,1.0989399999999998,1.09705,1.092155,1.09175,1.10719,HOLD,11,HOLD
2023-01-16 04:00:00,1,EUR/USD,1.09948,1.1002,1.09925,1.09952,2376,1.8,1.098875,1.0948234,1.0989091450862003,1.0980280409845091,62.68201248642274,0.0012693802231891,0.0013387500162555,-6.936979306647285e-05,1.098392,1.1000513035952648,1.0967326964047353,0.0011878571428571,1.09911,1.09705,1.0922999999999998,1.091895,1.10643,HOLD,11,HOLD
2023-01-16 05:00:00,1,EUR/USD,1.101,1.10134,1.10086,1.10112,8534,1.9,1.099159,1.095,1.0993111187068914,1.098322513271699,68.64884142367481,0.0013646729083414,0.0013439345946727,2.07383136686559e-05,1.0986045,1.1005129573544865,1.0966960426455137,0.0012335714285714,1.0997,1.097545,1.0922999999999998,1.091895,1.10724,BUY,11,HOLD
2023-01-16 06:00:00,1,EUR/USD,1.10213,1.10245,1.101,1.10186,3598,1.7,1.099519,1.0951856,1.0997745516692747,1.0986594167696324,70.96141847951068,0.0014828119305165,0.0013717100618415,0.000111101868675,1.098802,1.101170046941258,1.096433953058742,0.0012299999999999,1.100255,1.0981,1.092785,1.09238,1.10735,HOLD,11,HOLD
2023-01-16 07:00:00,1,EUR/USD,1.10138,1.10146,1.10011,1.10087,2037,1.0,1.099764,1.0953482,1.099973724093043,1.098869948505858,64.1444457500074,0.0014794984928419,0.0013932677480415,8.623074480030397e-05,1.098926,1.101457306298961,1.0963946937010391,0.0012992857142856,1.100255,1.09859,1.092785,1.09238,1.10747,BUY,11,HOLD
2023-01-16 08:00:00,1,EUR/USD,1.10045,1.10084,1.1002,1.1005,3042,1.1,1.099881,1.0955503999999998,1.1000694106215805,1.0990251915053002,61.75660886392273,0.001430526443463,0.0014007194871258,2.9806956337191355e-05,1.099033,1.1016432558858638,1.096422744114136,0.0011571428571428,1.100355,1.098725,1.092785,1.09238,1.10586,BUY,11,HOLD
2023-01-16 09:00:00,1,EUR/USD,1.09933,1.10024,1.09878,1.0994,796,1.3,1.099978,1.095729,1.0999476995994748,1.0990608875524144,55.1799979981236,0.0012881064453065,0.001378196878762,-9.009043345549667e-05,1.099093,1.101677676300654,1.0965083236993465,0.0011499999999999,1.100355,1.099075,1.092785,1.09238,1.1054,HOLD,9,HOLD
2023-01-16 10:00:00,1,EUR/USD,1.10197,1.10249,1.10197,1.10205,3014,1.6,1.100297,1.0959626,1.100329936035934,1.0993455649283748,64.88242525553255,0.0013732405613342,0.0013772056152764,-3.965053942213631e-06,1.0992855,1.1021486192044978,1.096422380795502,0.0012735714285713,1.10048,1.099475,1.0930725,1.09238,1.10676,HOLD,11,HOLD
2023-01-16 11:00:00,1,EUR/USD,1.1027,1.10324,1.10226,1.10266,6462,2.0,1.100692,1.0962022,1.1007535840294005,1.0996612254113869,66.67096535101183,0.001472952583164,0.0013963550088539,7.659757431006074e-05,1.0995505,1.1026357141442709,1.0964652858557289,0.0013221428571428,1.10101,1.099955,1.0942325,1.0929,1.10712,BUY,11,HOLD
2023-01-16 12:00:00,1,EUR/USD,1.10321,1.10373,1.1032,1.1034,3136,1.2,1.101151,1.0964686,1.1012347505695097,1.1000172991817307,68.75022018193602,0.0015933200921969,0.0014357480255225,0.0001575720666743,1.0998670000000002,1.103171714973013,1.0965622850269874,0.0012992857142856,1.101255,1.1002,1.0947075000000002,1.0934400000000002,1.10787,BUY,11,HOLD
2023-01-16 13:00:00,1,EUR/USD,1.10533,1.10565,1.10436,1.10511,4181,1.3,1.101649,1.096788,1.1019393413750531,1.1005023183072802,72.94979320321467,0.0018058778831233,0.0015097739970427,0.0002961038860806,1.1002535,1.104097611149088,1.096409388850912,0.0013692857142857,1.1022150000000002,1.10116,1.0949925,1.093725,1.10712,HOLD,11,HOLD
2023-01-16 14:00:00,1,EUR/USD,1.10279,1.1038,1.10279,1.10334,2730,0.9,1.102031,1.0970502,1.1021940065795888,1.1007725737065868,63.44546540702135,0.0018106353787707,0.0015699462733883,0.0002406891053824,1.100453,1.104508037672642,1.096397962327358,0.0015007142857142,1.1022150000000002,1.10116,1.0950275,1.09376,1.10646,BUY,11,HOLD
2023-01-16 15:00:00,1,EUR/USD,1.1051,1.10547,1.1051,1.10517,2153,1.1,1.102436,1.0973434,1.1027350962923907,1.1011913762107213,68.07642151085727,0.0019397116459731,0.0016438993479053,0.0002958122980678,1.1007975,1.1052285002435265,1.096366499756474,0.0015999999999999,1.1022150000000002,1.10116,1.095225,1.09376,1.10556,BUY,11,HOLD
2023-01-16 16:00:00,1,EUR/USD,1.10494,1.10494,1.10405,1.10476,1710,1.8,1.102726,1.0976058,1.103103260602865,1.1015312451430337,66.05726981936971,0.0019860282468184,0.0017123251276879,0.0002737031191305,1.1011225,1.1057202196865432,1.0965247803134568,0.0016478571428571,1.1022150000000002,1.10116,1.09557,1.09376,1.10628,BUY,11,HOLD
2023-01-16 17:00:00,1,EUR/USD,1.10464,1.10575,1.10416,1.10503,4556,1.2,1.1031419999999998,1.0978784,1.1034535768568894,1.101864459891316,66.7565301287967,0.0020212218429587,0.0017741044707421,0.0002471173722166,1.101453,1.106181209185887,1.0967247908141131,0.0016514285714285,1.102265,1.10121,1.0956375,1.09376,1.10656,BUY,11,HOLD
2023-01-16 18:00:00,1,EUR/USD,1.10475,1.10503,1.10423,1.10477,2540,1.0,1.103569,1.098158,1.103692926519273,1.102141177996905,65.360148254748,0.0020050205653709,0.0018202876896678,0.0001847328757031,1.101725,1.106563583959909,1.096886416040091,0.0016407142857142,1.10386,1.10147,1.0958125,1.09376,1.10681,BUY,11,HOLD
2023-01-16 19:00:00,1,EUR/USD,1.10495,1.10554,1.10485,1.10494,3992,1.1,1.104123,1.0984058,1.1039196671521323,1.1024077324733903,65.86294237536146,0.0019830392730688,0.001852838006348,0.0001302012667207,1.1020505,1.1068313102154386,1.0972696897845615,0.0015657142857142,1.104005,1.10164,1.0960025,1.09376,1.10613,BUY,11,HOLD
2023-01-16 20:00:00,1,EUR/USD,1.10706,1.10718,1.10706,1.10717,2723,1.5,1.104635,1.0986862000000002,1.1045106367608355,1.1028612817616388,71.67165977773288,0.0021211104625977,0.001906492497598,0.0002146179649997,1.102466,1.1075161460114633,1.0974158539885366,0.0016221428571428,1.104985,1.102355,1.0966975,1.09436,1.10612,HOLD,11,HOLD
2023-01-16 21:00:00,1,EUR/USD,1.10863,1.10901,1.10863,1.10869,1609,1.1,1.105238,1.0990052,1.1052705209861382,1.10341639778434,74.81710903385203,0.0023263672582387,0.0019904674497261,0.0003358998085125,1.1029649999999998,1.1084093500409766,1.0975206499590229,0.0016285714285714,1.1059,1.10344,1.0966975,1.09436,1.10706,HOLD,11,HOLD
2023-01-16 22:00:00,1,EUR/USD,1.10837,1.10854,1.10733,1.10822,8202,0.9,1.10572,1.0992892,1.1058067898977493,1.103873883709641,72.14942121641342,0.0024231768017384,0.0020770093201286,0.0003461674816098,1.1034355000000002,1.108993199164247,1.0978778008357537,0.0016778571428571,1.1059,1.103535,1.0966975,1.09436,1.10762,HOLD,11,HOLD
2023-01-16 23:00:00,1,EUR/USD,1.10689,1.10689,1.10669,1.10671,2229,1.9,1.1058800000000002,1.0995676,1.1059710099163402,1.1041439900230086,64.2260755212609,0.0023509543437767,0.0021317983248582,0.0002191560189185,1.1037645,1.1092771513823598,1.0982518486176402,0.0016642857142857,1.10653,1.103535,1.0966975,1.09436,1.10808,BUY,11,HOLD
2023-01-17 00:00:00,1,EUR/USD,1.10734,1.10734,1.10682,1.10718,7347,1.1,1.106264,1.0998948,1.1061908262951874,1.104433133830341,65.49619985069137,0.0023050711719403,0.0021664528942746,0.0001386182776656,1.1041475,1.1094799305705518,1.0988150694294485,0.0014885714285714,1.10653,1.103535,1.0966975,1.09436,1.10755,BUY,11,HOLD
2023-01-17 01:00:00,1,EUR/USD,1.10704,1.10774,1.10632,1.10697,1633,1.7,1.1064440000000002,1.100228,1.106332494241517,1.1046747401322132,64.39605776778747,0.0022261020638412,0.0021783827281879,4.771933565324337e-05,1.10444,1.109714666365131,1.0991653336348692,0.001505,1.106585,1.103635,1.0966975,1.09436,1.10824,BUY,11,HOLD
2023-01-17 02:00:00,1,EUR/USD,1.10682,1.10682,1.10593,1.10662,4633,1.7,1.10663,1.100509,1.1063847680157863,1.1048600029767643,62.51143366848181,0.0021109427675944,0.0021648947360692,-5.395196847478561e-05,1.104678,1.1098917090545553,1.0994642909454448,0.0015028571428571,1.10662,1.103635,1.0966975,1.09436,1.10709,HOLD,11,HOLD
2023-01-17 03:00:00,1,EUR/USD,1.10611,1.10621,1.10564,1.10612,2337,1.6,1.106739,1.1007372000000002,1.1063366283765523,1.104980002693263,59.818134511909854,0.0019567758800209,0.0021232709648596,-0.0001664950848386,1.1049405,1.109867728216252,1.1000132717837483,0.0014121428571428,1.1069300000000002,1.1037400000000002,1.097115,1.09436,1.10879,HOLD,9,HOLD
2023-01-17 04:00:00,1,EUR/USD,1.10566,1.10608,1.10531,1.10572,2154,1.3,1.106834,1.1009518,1.10622451412627,1.105050478627238,57.67719615395858,0.0017817815848566,0.002054973088859,-0.0002731915040023,1.1052015,1.1096700015739154,1.1007329984260843,0.0013042857142856,1.10716,1.103895,1.09784,1.09436,1.10862,HOLD,9,HOLD
2023-01-17 05:00:00,1,EUR/USD,1.10722,1.10732,1.1071,1.10719,3999,1.2,1.107059,1.1012044,1.1064000570124026,1.105254242567501,62.92833847444566,0.0017416375463674,0.0019923059803607,-0.0002506684339932,1.105591,1.1092069931299835,1.1019750068700165,0.0012664285714285,1.10716,1.103895,1.0979949999999998,1.094515,1.11023,HOLD,11,HOLD
2023-01-17 06:00:00,1,EUR/USD,1.10672,1.10687,1.10534,1.10643,1626,1.0,1.106985,1.1014172,1.1064055011919658,1.1053662194658342,58.86206339811972,0.0016297111624075,0.00191978701677,-0.0002900758543625,1.1058100000000002,1.1090321013085267,1.1025878986914737,0.0013185714285714,1.106925,1.103895,1.09808,1.094515,1.11061,HOLD,9,HOLD
2023-01-17 07:00:00,1,EUR/USD,1.10731,1.10808,1.10722,1.10724,2711,1.1,1.10684,1.1016606,1.106557228247972,1.1055446747548023,61.70244208870408,0.001588062728679,0.0018534421591518,-0.0002653794304728,1.106039,1.108954937332424,1.103123062667576,0.0013228571428571,1.106695,1.103895,1.0986224999999998,1.09501,1.10958,HOLD,11,HOLD
2023-01-17 08:00:00,1,EUR/USD,1.10683,1.10768,1.10626,1.10735,6691,1.1,1.106753,1.1019074,1.1067013685665226,1.1057166104924403,62.08529161403766,0.0015461095372546,0.0017919756347724,-0.0002458660975177,1.1062365,1.108926131358089,1.1035468686419112,0.0013671428571428,1.106695,1.103895,1.0991775,1.095565,1.10949,HOLD,11,HOLD
2023-01-17 09:00:00,1,EUR/USD,1.10794,1.10794,1.10731,1.10747,2434,1.4,1.106829,1.1021546,1.1068411197362458,1.1058835999693508,62.525407973347306,0.0015051933954004,0.001734619186898,-0.0002294257914975,1.1063545,1.1090431151787228,1.103665884821277,0.0013571428571428,1.106695,1.103895,1.0994225,1.095565,1.10957,HOLD,11,HOLD
2023-01-17 10:00:00,1,EUR/USD,1.10598,1.10598,1.10517,1.10586,4644,1.0,1.106697,1.1023552,1.1066627343296556,1.1058813523532225,53.5446784624877,0.0013275503395844,0.0016532054174353,-0.0003256550778508,1.1064805,1.1087827138087862,1.1041782861912135,0.0013614285714285,1.106625,1.103895,1.09954,1.095565,1.10812,HOLD,3,HOLD
2023-01-17 11:00:00,1,EUR/USD,1.10582,1.10582,1.105,1.1054,2478,1.8,1.10654,1.1025258,1.106433146269718,1.1058355092719632,51.27843203507278,0.0011365473717559,0.0015498738082994,-0.0004133264365434,1.106492,1.108768808477325,1.104215191522675,0.0012914285714285,1.10654,1.10549,1.099715,1.095565,1.10983,HOLD,3,HOLD
2023-01-17 12:00:00,1,EUR/USD,1.10716,1.10736,1.10639,1.10676,1225,1.3,1.1065539999999998,1.1027028,1.1064925742206784,1.1059235560079668,57.0643614976896,0.0010824390935797,0.0014563868653554,-0.0003739477717757,1.106592,1.1087192824275662,1.1044647175724338,0.0013342857142856,1.10654,1.105635,1.0999775,1.095585,1.11099,HOLD,9,HOLD
2023-01-17 13:00:00,1,EUR/USD,1.10687,1.1075,1.1057,1.10712,1787,1.2,1.106654,1.1028774,1.1066066516351003,1.106037503054827,58.47027263660438,0.0010564290284151,0.0013763952979674,-0.0003199662695522,1.1066965,1.1087025883646124,1.1046904116353875,0.0013535714285713,1.10654,1.1059,1.1004825,1.09596,1.11156,HOLD,9,HOLD
2023-01-17 14:00:00,1,EUR/USD,1.10802,1.1085,1.1075,1.10787,1257,1.2,1.106869,1.1030676,1.1068363513378092,1.1062120265734148,61.31247517371385,0.0010838407548141,0.0013178843893367,-0.0002340436345226,1.1068515,1.108704012092525,1.1049989879074749,0.0014071428571428,1.10675,1.1059,1.1007275,1.096205,1.11154,HOLD,11,HOLD
2023-01-17 15:00:00,1,EUR/USD,1.10697,1.1076,1.1068,1.10712,1689,1.9,1.106862,1.103246,1.106887923821844,1.1062985002330896,57.103785361575376,0.0010331366572089,0.0012609348429112,-0.0002277981857022,1.1069605,1.1085815259909946,1.1053394740090057,0.0013821428571428,1.10675,1.1059,1.1016875000000002,1.097165,1.11245,HOLD,9,HOLD
2023-01-17 16:00:00,1,EUR/USD,1.10678,1.10724,1.10549,1.10646,3110,1.7,1.106865,1.1034112,1.1068101194905997,1.1063138811632716,53.61592335716512,0.0009289880148433,0.0011945454772976,-0.0002655574624543,1.106925,1.1085577632375194,1.1052922367624805,0.0014328571428571,1.10675,1.10653,1.1016875000000002,1.097165,1.11102,HOLD,9,SELL
2023-01-17 17:00:00,1,EUR/USD,1.10575,1.10583,1.10525,1.10556,3142,0.9,1.106697,1.1035752,1.1065828250377632,1.1062420829572457,49.20260203730789,0.0007650084458692,0.0011086380710119,-0.0003436296251427,1.1067685,1.1082848151319122,1.105252184868088,0.0014492857142856,1.10675,1.10653,1.1016875000000002,1.09756,1.11076,HOLD,3,HOLD
2023-01-17 18:00:00,1,EUR/USD,1.10595,1.10711,1.1057,1.10628,2460,1.4,1.1065900000000002,1.1037594,1.106527765939988,1.1062456941041745,52.566410571093705,0.0006852522770619,0.0010239609122219,-0.00033870863516,1.1066714999999998,1.1080376205157212,1.1053053794842784,0.0015021428571428,1.10675,1.106585,1.1016875000000002,1.09776,1.11011,HOLD,9,SELL
2023-01-17 19:00:00,1,EUR/USD,1.10692,1.10784,1.10647,1.10656,4903,1.4,1.106499,1.103943,1.1065336266781718,1.1062756279990151,53.84639424510356,0.0006372922897963,0.0009466271877368,-0.0003093348979404,1.106664,1.108030877348019,1.1052971226519808,0.0014992857142856,1.10675,1.10662,1.1017375,1.09781,1.11094,HOLD,9,SELL
2023-01-17 20:00:00,1,EUR/USD,1.10695,1.10709,1.10644,1.10681,4534,1.0,1.106594,1.1040922,1.1065838763730496,1.1063265205705377,55.0136485051403,0.0006123972309437,0.0008797811963782,-0.0002673839654344,1.1066455,1.1079928478823622,1.1052981521176375,0.0014135714285713,1.106875,1.1069300000000002,1.102665,1.09781,1.11169,HOLD,9,HOLD
2023-01-17 21:00:00,1,EUR/USD,1.10648,1.10685,1.10545,1.10613,4763,1.5,1.106667,1.1042492,1.1065013533961314,1.1063078043257244,51.2191982757662,0.0005316686551366,0.0008101586881299,-0.0002784900329932,1.1066035,1.1079605909290793,1.1052464090709204,0.0013957142857142,1.106875,1.107005,1.1028224999999998,1.09781,1.11016,HOLD,3,HOLD
2023-01-17 22:00:00,1,EUR/USD,1.10599,1.10649,1.10552,1.10612,4220,1.3,1.1066030000000002,1.1044064,1.1064320164150163,1.1062899181994648,51.1633055143297,0.0004615631481066,0.0007404395801252,-0.0002788764320186,1.1065785,1.1079526259424006,1.1052043740575992,0.0013635714285713,1.106875,1.107005,1.1036700000000002,1.09861,1.10949,HOLD,3,HOLD
2023-01-17 23:00:00,1,EUR/USD,1.10732,1.10732,1.10681,1.10706,1806,1.8,1.106597,1.1045792,1.10654619524865,1.1063632593233257,56.02106511613957,0.0004763629571504,0.0006876242555302,-0.0002112612983798,1.1066255,1.1079978966743969,1.1052531033256032,0.0014042857142856,1.106545,1.10677,1.10467,1.099525,1.11044,HOLD,9,HOLD
2023-01-18 00:00:00,1,EUR/USD,1.1074,1.10764,1.1074,1.10762,4227,1.0,1.106572,1.104745,1.1067414324761682,1.1064829489115802,58.65929066818278,0.0005272019761206,0.0006555397996483,-0.0001283378235277,1.1067205000000002,1.1080920220129102,1.1053489779870902,0.0012814285714285,1.106545,1.10675,1.1047175,1.099525,1.10989,HOLD,9,HOLD
2023-01-18 01:00:00,1,EUR/USD,1.10775,1.10822,1.10731,1.10808,2591,1.8,1.1066680000000002,1.104938,1.106984808389592,1.1066350490152392,60.74254991191469,0.0005977202733067,0.00064397589438,-4.625562107330892e-05,1.106765,1.1082534325914415,1.1052765674085585,0.0012849999999999,1.106735,1.10675,1.1050325,1.099525,1.10958,HOLD,11,HOLD
2023-01-18 02:00:00,1,EUR/USD,1.10742,1.10803,1.10717,1.10755,5064,1.1,1.106777,1.1051118,1.1070875705005754,1.106722187204264,57.1679852267738,0.0006038788221183,0.0006359564799276,-3.207765780937873e-05,1.1068209999999998,1.108340319792505,1.1053016802074946,0.0012099999999999,1.106835,1.10675,1.1050325,1.099525,1.10921,HOLD,9,HOLD
2023-01-18 03:00:00,1,EUR/USD,1.10826,1.10885,1.10716,1.10824,2164,1.1,1.1070449999999998,1.1053024,1.1072971031368342,1.106866740803858,60.43254331449213,0.0006568648210778,0.0006401381481577,1.6726672920122296e-05,1.1068710000000002,1.1085095217986132,1.1052324782013871,0.0012021428571428,1.10715,1.106925,1.10511,1.099525,1.1106,BUY,11,HOLD
2023-01-18 04:00:00,1,EUR/USD,1.10746,1.10784,1.10625,1.10709,2176,0.9,1.107126,1.105468,1.107259448021046,1.1068880035844428,53.160159037126064,0.0005991545374013,0.0006319414260064,-3.278688860511444e-05,1.106858,1.1084846025297517,1.1052313974702488,0.0012457142857142,1.10715,1.106925,1.1051275,1.099525,1.11046,HOLD,9,SELL
2023-01-18 05:00:00,1,EUR/USD,1.1094,1.1094,1.10828,1.10879,2145,1.2,1.107349,1.1056412,1.1075377301990377,1.1070691461002102,60.69084660494398,0.0006827244913594,0.000642098039077,4.062645228237625e-05,1.106924,1.108750050094518,1.105097949905482,0.0013342857142856,1.107425,1.1072,1.1053350000000002,1.1001,1.10951,BUY,11,HOLD
2023-01-18 06:00:00,1,EUR/USD,1.10879,1.10892,1.10853,1.10862,5211,1.0,1.10753,1.1058232,1.1077345065264854,1.1072168464716188,59.65790739861254,0.0007268579368668,0.000659050018635,6.78079182318738e-05,1.1070620000000002,1.108965023632983,1.105158976367017,0.0012371428571428,1.10746,1.1072,1.1055275,1.10138,1.10998,BUY,9,HOLD
2023-01-18 07:00:00,1,EUR/USD,1.11013,1.11107,1.10995,1.11023,2289,1.1,1.10794,1.1060054,1.108188232612579,1.1075038134743218,65.62488367326824,0.0008815851897643,0.0007035570528608,0.0001780281369034,1.1073035,1.109518741700086,1.105088258299914,0.0013257142857142,1.10866,1.108035,1.1055275,1.10138,1.10895,BUY,11,HOLD
2023-01-18 08:00:00,1,EUR/USD,1.11035,1.11063,1.11035,1.11061,2656,1.7,1.108389,1.1061804,1.1086285539557463,1.1077996407624815,66.87040871390045,0.0010230770808974,0.0007674610584681,0.0002556160224292,1.107496,1.1101400033442754,1.1048519966557246,0.0012435714285713,1.10866,1.108035,1.10541,1.10138,1.10816,BUY,11,HOLD
2023-01-18 09:00:00,1,EUR/USD,1.10921,1.10994,1.10864,1.10958,1299,1.1,1.108641,1.1063546,1.1088015441456105,1.1079691987851024,60.47424386168202,0.0010401083109203,0.0008219905089586,0.0002181178019617,1.107619,1.110413926983382,1.1048240730166183,0.0012728571428571,1.10866,1.108035,1.105295,1.10138,1.10864,BUY,11,HOLD
2023-01-18 10:00:00,1,EUR/USD,1.10915,1.11029,1.10898,1.10949,3306,1.5,1.108828,1.1065344,1.1089267179373177,1.108114036996045,59.93478418384618,0.0010344192938622,0.0008644762659393,0.0001699430279229,1.1077,1.1106167970898726,1.1047832029101272,0.0013199999999999,1.10866,1.108035,1.105295,1.10138,1.10977,BUY,9,HOLD
2023-01-18 11:00:00,1,EUR/USD,1.10963,1.10963,1.10946,1.10957,1985,1.5,1.108977,1.1067378,1.1090436783123507,1.1082527001392788,60.27400494536014,0.0010245555990862,0.0008964921325687,0.0001280634665174,1.1078225,1.110840759345056,1.104804240654944,0.0012321428571428,1.10866,1.108035,1.105295,1.10187,1.11021,BUY,11,HOLD
2023-01-18 12:00:00,1,EUR/USD,1.10774,1.10858,1.10767,1.10812,4489,1.2,1.109034,1.1068592,1.1088757368010145,1.1082400620307762,51.72549007446426,0.000889482270141,0.0008950901600831,-5.6078899421241465e-06,1.1079055,1.110856549590323,1.1049544504096769,0.0012985714285714,1.10866,1.108035,1.10526,1.102005,1.10908,HOLD,3,HOLD
2023-01-18 13:00:00,1,EUR/USD,1.10976,1.11019,1.10898,1.10983,3423,1.5,1.109193,1.1070026,1.1090492392008298,1.1083914846945118,59.093713737935154,0.000909929294242,0.0008980579869149,1.1871307327083048e-05,1.108119,1.1109717726126147,1.105266227387385,0.0013607142857142,1.10937,1.10816,1.106015,1.102355,1.10863,BUY,9,HOLD
2023-01-18 14:00:00,1,EUR/USD,1.11098,1.11164,1.11086,1.11099,1386,1.3,1.109583,1.1071544,1.1094021048006788,1.1086389623426536,63.19736148440799,0.0010081150903982,0.0009200694076116,8.804568278660192e-05,1.1083545,1.111342493341838,1.1053665066581624,0.0014485714285714,1.109655,1.108445,1.1060875,1.102735,1.1083,BUY,11,HOLD
2023-01-18 15:00:00,1,EUR/USD,1.11143,1.11162,1.11128,1.11156,3678,1.6,1.10986,1.1072833999999998,1.1097944493823737,1.108917156405258,65.05258301307654,0.0011190228783795,0.0009598601017651,0.0001591627766143,1.1086045,1.1117904393393516,1.1054185606606484,0.0014285714285714,1.109655,1.108445,1.10622,1.10284,1.1094,BUY,11,HOLD
2023-01-18 16:00:00,1,EUR/USD,1.11141,1.11163,1.11141,1.11154,2791,1.1,1.110152,1.1074474,1.110111822221942,1.1091669510333286,64.92889782435059,0.0011915686053916,0.0010062018024904,0.0001853668029011,1.108841,1.1121652895561274,1.1055167104438726,0.0013792857142856,1.109655,1.108445,1.106325,1.10284,1.11062,BUY,11,HOLD
2023-01-18 17:00:00,1,EUR/USD,1.11246,1.11339,1.11218,1.11245,2854,1.5,1.110374,1.107593,1.110536945454316,1.1094796223634875,67.91766745822372,0.0013074198888867,0.0010664454197697,0.0002409744691169,1.1091570000000002,1.1125957886484592,1.1057182113515411,0.0013907142857142,1.11053,1.10932,1.106325,1.10284,1.11055,BUY,11,HOLD
2023-01-18 18:00:00,1,EUR/USD,1.1111,1.1114,1.11074,1.11102,3453,1.7,1.110415,1.1077182,1.1106247735535313,1.1096263249955367,59.35720915127999,0.0012692131179625,0.0011069989594082,0.0001622141585542,1.109402,1.112620921689395,1.106183078310605,0.0013707142857142,1.11053,1.10932,1.10664,1.10284,1.10987,BUY,9,HOLD
2023-01-18 19:00:00,1,EUR/USD,1.11132,1.11132,1.11027,1.11076,2564,1.5,1.110533,1.1078328,1.110649360180162,1.1097342940435808,57.92758126837567,0.0012040743302816,0.0011264140335829,7.766029669871574e-05,1.109587,1.1126612263040927,1.106512773695907,0.0012807142857142,1.11053,1.10942,1.10664,1.10284,1.11056,BUY,9,HOLD
2023-01-18 20:00:00,1,EUR/USD,1.11027,1.11027,1.10983,1.11011,3096,1.0,1.110595,1.1079396,1.1105512946928595,1.1097700755632398,54.40003738846613,0.0010874661709272,0.0011186244610518,-3.1158290124576804e-05,1.1097115,1.1126489552180845,1.1067740447819157,0.0013192857142856,1.11053,1.10942,1.1066675,1.10284,1.11156,HOLD,9,SELL
2023-01-18 21:00:00,1,EUR/USD,1.11099,1.11172,1.11056,1.11094,7016,0.9,1.110732,1.1080596,1.1106219683850669,1.1098814969381694,57.923537431301,0.0010499245512516,0.0011048844790917,-5.495992784015631e-05,1.1098545,1.112735453606806,1.106973546393194,0.0012592857142857,1.111185,1.10942,1.106685,1.10284,1.11155,HOLD,9,HOLD
2023-01-18 22:00:00,1,EUR/USD,1.11248,1.11248,1.1111,1.11169,2012,1.9,1.111089,1.10815,1.1108161559514182,1.1100537353250104,60.866130230888736,0.0010683757090412,0.0010975827250816,-2.9207016040408863e-05,1.1100615,1.112838315859244,1.107284684140756,0.0013407142857142,1.1116100000000002,1.10942,1.1069025,1.1031,1.11164,HOLD,11,HOLD
2023-01-18 23:00:00,1,EUR/USD,1.11087,1.11087,1.1098,1.11016,2048,1.1,1.111122,1.1081794,1.110696854869342,1.1100638557702474,52.760030918555415,0.0009486052405398,0.0010677872281733,-0.0001191819876334,1.1101575,1.112798607224022,1.1075163927759777,0.0013349999999999,1.111595,1.109455,1.10694,1.10327,1.11242,HOLD,9,SELL
2023-01-19 00:00:00,1,EUR/USD,1.10923,1.11044,1.10838,1.10949,2264,1.3,1.1109719999999998,1.1082048,1.1104774267112798,1.1100092028397477,49.642178996676805,0.0007905103693148,0.0010123318564016,-0.0002218214870867,1.1102775,1.112519743941925,1.108035256058075,0.0013885714285714,1.110885,1.10982,1.10694,1.10327,1.11431,HOLD,3,HOLD
2023-01-19 01:00:00,1,EUR/USD,1.1107,1.11082,1.11044,1.11044,2956,0.9,1.11086,1.1082794,1.1104706218546834,1.110050231140724,53.81019059783807,0.0007334216768242,0.0009565498204861,-0.0002231281436619,1.11036,1.1124904311400436,1.1082295688599564,0.0014714285714285,1.110885,1.10982,1.1066575,1.10344,1.11475,HOLD,9,SELL
2023-01-19 02:00:00,1,EUR/USD,1.11016,1.11069,1.1092,1.10989,2592,0.9,1.110695,1.1083336,1.110365054244741,1.1100349710320836,51.16961187228343,0.0006364613430858,0.000892532125006,-0.0002560707819202,1.1104235,1.1124061433711605,1.1084408566288395,0.0014421428571428,1.11043,1.10982,1.1066475,1.103535,1.11434,HOLD,3,HOLD
2023-01-19 03:00:00,1,EUR/USD,1.10963,1.10988,1.10901,1.10958,3237,1.6,1.110408,1.1083858,1.1102223171093335,1.1099916404575991,49.6895364929862,0.0005285128041958,0.000819728260844,-0.0002912154566481,1.110391,1.11240801081602,1.10837398918398,0.0013571428571428,1.11043,1.10982,1.1067425,1.103535,1.11603,HOLD,3,HOLD
2023-01-19 04:00:00,1,EUR/USD,1.10894,1.10955,1.10861,1.10921,13023,1.2,1.110227,1.1084376,1.110038259453091,1.1099171985092566,47.908357835659466,0.0004083991306584,0.0007374624348069,-0.0003290633041484,1.110321,1.1124021626306224,1.1082398373693778,0.0012971428571428,1.11043,1.10982,1.1067925,1.103535,1.11622,HOLD,3,HOLD
2023-01-19 05:00:00,1,EUR/USD,1.11037,1.11118,1.11034,1.1106,4928,1.9,1.110211,1.1085272000000002,1.1101403940979837,1.109982227222661,54.50605459167389,0.0004205220459139,0.0006740743570283,-0.0002535523111144,1.110372,1.1124265261972288,1.108317473802771,0.0013928571428571,1.11043,1.10982,1.1070375,1.103635,1.11517,HOLD,9,SELL
2023-01-19 06:00:00,1,EUR/USD,1.10972,1.11064,1.10972,1.11046,2657,1.5,1.110246,1.108622,1.1101985042619864,1.1100277293919314,53.76739455657952,0.000414059691246,0.0006220714238718,-0.0002080117326257,1.1104205,1.1124327202977504,1.1084082797022496,0.0014428571428571,1.11043,1.11053,1.1070375,1.103635,1.11439,HOLD,9,SELL
2023-01-19 07:00:00,1,EUR/USD,1.10965,1.11029,1.1095,1.10951,4552,1.8,1.110103,1.1086684,1.1100733216688978,1.109978421830795,48.92248197418677,0.0003284944881161,0.0005633560367207,-0.0002348615486046,1.1104175,1.1124352306169232,1.108399769383077,0.0013792857142857,1.10978,1.11053,1.1073125,1.103935,1.1122,HOLD,3,HOLD
2023-01-19 08:00:00,1,EUR/USD,1.1096,1.11031,1.10884,1.10998,3777,1.0,1.109932,1.1087394000000002,1.1100563540927344,1.1099785721326243,51.26233808474987,0.0002952055741183,0.0005097259442002,-0.0002145203700819,1.1105105,1.1122320840320217,1.1087889159679785,0.0013621428571428,1.10978,1.11053,1.10733,1.10409,1.11296,HOLD,9,SELL
2023-01-19 09:00:00,1,EUR/USD,1.10899,1.10952,1.10854,1.10895,7131,1.0,1.109811,1.1087736,1.1098551988031462,1.109880612881898,46.26085943504311,0.0001835951078907,0.0004444997769383,-0.0002609046690475,1.1104665,1.1123024942094697,1.1086305057905304,0.0013899999999999,1.10986,1.11053,1.1083475,1.1049250000000002,1.11331,HOLD,3,HOLD
2023-01-19 10:00:00,1,EUR/USD,1.10806,1.10886,1.10804,1.10816,10030,1.1,1.1096780000000002,1.1087898,1.1095469808389378,1.109716744988384,42.81078931510941,3.1038815457407054e-05,0.0003618075846421,-0.0003307687691847,1.110325,1.112410392806705,1.108239607193295,0.0013885714285714,1.10961,1.11053,1.1083475,1.1049250000000002,1.11218,HOLD,3,HOLD
2023-01-19 11:00:00,1,EUR/USD,1.1084,1.10872,1.10831,1.10864,2102,2.0,1.109498,1.1088132,1.1093820752318582,1.1096141978466332,45.47171992630203,-5.0548465684974175e-05,0.0002793363745767,-0.0003298848402617,1.110179,1.112308728423592,1.108049271576408,0.0013135714285714,1.10961,1.11053,1.1083475,1.1049250000000002,1.11377,HOLD,2,BUY
2023-01-19 12:00:00,1,EUR/USD,1.10915,1.11093,1.10889,1.10977,7596,1.6,1.109486,1.1088914,1.1094526070078838,1.109629036146954,51.22527695688426,-2.3751623666523614e-05,0.000218718774928,-0.0002424703985946,1.1100905,1.112127168848969,1.1080538311510313,0.0013671428571428,1.10961,1.11053,1.1083475,1.1049250000000002,1.1142,HOLD,8,SELL
2023-01-19 13:00:00,1,EUR/USD,1.11054,1.11054,1.10949,1.11021,2642,1.6,1.109549,1.1089876,1.1095903148246322,1.1096843660377202,53.2919167121604,3.261344200233829e-05,0.0001814977083429,-0.0001488842663405,1.1099785,1.111689101925559,1.108267898074441,0.0013071428571428,1.10961,1.11053,1.1083475,1.1049250000000002,1.11536,HOLD,9,SELL
2023-01-19 14:00:00,1,EUR/USD,1.10917,1.10917,1.10857,1.10908,1905,1.6,1.109536,1.109034,1.1094975303110628,1.109626807367461,47.70184918861921,-1.3740007311247028e-05,0.000142450165212,-0.0001561901725233,1.1098815,1.111563206839819,1.108199793160181,0.0012771428571428,1.1094849999999998,1.110715,1.1083475,1.1049250000000002,1.11577,HOLD,2,BUY
2023-01-19 15:00:00,1,EUR/USD,1.10858,1.10889,1.10792,1.10863,3256,1.4,1.109339,1.1090642000000002,1.109339797527233,1.109531873332465,45.64832467720708,-8.579766694638558e-05,9.680059878040224e-05,-0.0001825982657267,1.109775,1.1114918698569252,1.1080581301430747,0.0012649999999999,1.109425,1.110655,1.108765,1.10652,1.11591,HOLD,2,BUY
2023-01-19 16:00:00,1,EUR/USD,1.10793,1.10832,1.10684,1.1083,6198,1.1,1.109123,1.1090728,1.1091507434313723,1.1094145520627063,44.14740879071312,-0.0001676001334192,4.3920452340479777e-05,-0.0002115205857596,1.1096845,1.1115141329802611,1.1078548670197388,0.0012864285714285,1.108885,1.110115,1.10905,1.10695,1.1181,HOLD,2,HOLD
2023-01-19 17:00:00,1,EUR/USD,1.10952,1.11009,1.10933,1.1094,3530,1.4,1.109112,1.1091184,1.1091960628074864,1.1094131661519724,50.0437554798447,-0.0001420311241493,6.730137042514945e-06,-0.0001487612611918,1.1096075,1.1113417964599168,1.1078732035400831,0.0013514285714285,1.108885,1.110115,1.10905,1.107215,1.11756,SELL,2,BUY
2023-01-19 18:00:00,1,EUR/USD,1.11055,1.11096,1.10988,1.11062,1998,1.3,1.1091760000000002,1.1092016,1.1094549604788524,1.1095281027089274,55.63755449167934,-2.3057898947520528e-05,7.725298445078505e-07,-2.3830428792028377e-05,1.109554,1.1110700947062262,1.1080379052937737,0.0013935714285714,1.1089,1.110115,1.10905,1.107215,1.11719,SELL,8,HOLD
2023-01-19 19:00:00,1,EUR/USD,1.11071,1.11071,1.11002,1.11055,3047,0.9,1.109336,1.1093014,1.1096540585736063,1.109625426260458,55.25524066621559,6.483346437513582e-05,1.3584716750633445e-05,5.124874762450237e-05,1.1095735000000002,1.1111318564217454,1.108015143578255,0.0013021428571428,1.1089,1.10966,1.109925,1.10809,1.1177,BUY,9,HOLD
2023-01-19 20:00:00,1,EUR/USD,1.10971,1.10999,1.10921,1.10987,1166,1.1,1.109507,1.1093732,1.1096933206511326,1.1096487189975577,51.549568497507664,7.871036197149017e-05,2.660984579480479e-05,5.2100516176685385e-05,1.1095925000000002,1.1111558280964646,1.1080291719035358,0.0013321428571428,1.1089,1.10966,1.109925,1.10872,1.11813,BUY,9,SELL
2023-01-19 21:00:00,1,EUR/USD,1.1105,1.11126,1.10974,1.11056,2188,1.4,1.1096989999999998,1.1094532,1.109850898714563,1.1097355076644568,54.85782701587662,0.0001437283260483,5.003354184551675e-05,9.369478420284786e-05,1.1095985000000002,1.1111763769881795,1.1080206230118206,0.0013721428571428,1.10905,1.10966,1.109975,1.10872,1.11797,BUY,9,SELL
2023-01-19 22:00:00,1,EUR/USD,1.11118,1.11227,1.11118,1.11156,2695,1.8,1.109878,1.1095482,1.1101616444028242,1.1099092688392704,59.205338664266165,0.0002728024765239,9.458732878120298e-05,0.0001782151477427,1.109682,1.1114854539961263,1.1078785460038738,0.0013892857142856,1.109555,1.10966,1.109975,1.108775,1.1167,BUY,9,HOLD
2023-01-19 23:00:00,1,EUR/USD,1.11202,1.11202,1.11071,1.11155,3667,1.7,1.1100119999999998,1.1096566,1.1104140726932197,1.110065528949816,59.14399106674613,0.0003700223667653,0.000149674336378,0.0002203480303872,1.1097804999999998,1.111766455689424,1.1077945443105757,0.0013799999999999,1.109555,1.10966,1.1103025,1.10881,1.116,BUY,9,HOLD
2023-01-20 00:00:00,1,EUR/USD,1.11136,1.11243,1.11136,1.11164,6013,1.0,1.110268,1.109767,1.1106369685671795,1.110215478573643,59.55018172045884,0.0004491545045126,0.0002095703700049,0.0002395841345077,1.109902,1.1120330298968832,1.1077709701031166,0.0013914285714285,1.109635,1.109635,1.110515,1.10912,1.11542,BUY,9,HOLD
2023-01-20 01:00:00,1,EUR/USD,1.11254,1.11254,1.11235,1.11242,3324,1.7,1.1106470000000002,1.1098742,1.1109611561004196,1.110425432995201,62.984933340110295,0.0005682562705024,0.0002813075501044,0.000286948720398,1.109993,1.1123885493821803,1.1075974506178197,0.0014157142857142,1.110875,1.10969,1.110525,1.1091950000000002,1.11369,BUY,11,HOLD
2023-01-20 02:00:00,1,EUR/USD,1.11462,1.11491,1.1142,1.11431,1778,1.4,1.111248,1.110008,1.111570036809434,1.1107953917575628,69.6990284843589,0.0008058629957594,0.0003862186392354,0.000419644356524,1.1101855,1.1132612419302366,1.1071097580697635,0.00143,1.11206,1.110875,1.1103525,1.1091950000000002,1.11315,BUY,11,HOLD
2023-01-20 03:00:00,1,EUR/USD,1.11454,1.1153,1.11423,1.11475,1800,1.1,1.111783,1.1101414,1.1121482119349917,1.1111720211139855,71.0170574642953,0.0010179382022057,0.0005125625518295,0.0005053756503762,1.1104475,1.1141164701696296,1.1067785298303705,0.0014314285714285,1.112255,1.11107,1.1103525,1.1091950000000002,1.11335,HOLD,11,HOLD
2023-01-20 04:00:00,1,EUR/USD,1.11464,1.11512,1.11433,1.11434,1893,1.8,1.112155,1.1102772,1.112546718855902,1.111473733388844,68.04679206937354,0.0011397870026725,0.0006380074419981,0.0005017795606744,1.1106655,1.1147158123986538,1.1066151876013464,0.0013707142857142,1.112255,1.11107,1.110125,1.1091950000000002,1.11332,BUY,11,HOLD
2023-01-20 05:00:00,1,EUR/USD,1.11634,1.11665,1.1157,1.11603,1721,1.1,1.112703,1.110433,1.1131800427002834,1.1119076635422875,73.05027764940623,0.0013570783762275,0.000781821628844,0.0005752567473835,1.1110194999999998,1.1156364594688732,1.1064025405311264,0.0014528571428571,1.113195,1.111745,1.110125,1.1091950000000002,1.11365,HOLD,11,HOLD
2023-01-20 06:00:00,1,EUR/USD,1.11592,1.11653,1.11557,1.11622,4018,1.1,1.1133380000000002,1.1106156,1.1137327622093227,1.112318362252546,73.55169776921596,0.0015270123198818,0.0009308597670515,0.0005961525528302,1.1114225,1.1163828220396692,1.1064621779603308,0.0013935714285714,1.11368,1.111745,1.110125,1.1091950000000002,1.11356,HOLD,11,HOLD
2023-01-20 07:00:00,1,EUR/USD,1.11552,1.11602,1.11482,1.11517,3899,1.7,1.113799,1.1107432,1.1139940781712638,1.1125899467999223,66.21910207417432,0.0015589889159655,0.0010564855968343,0.0005025033191311,1.111749,1.1167970257735989,1.1067009742264011,0.0013657142857142,1.11368,1.111745,1.110125,1.1091950000000002,1.11285,BUY,11,HOLD
2023-01-20 08:00:00,1,EUR/USD,1.11421,1.11471,1.11421,1.11439,1800,0.8,1.114082,1.1108586,1.1140660639583069,1.1127613804380247,61.327924448769615,0.0015040533269603,0.0011459991428595,0.0003580541841007,1.11198,1.1170693779994658,1.106890622000534,0.0013228571428571,1.114005,1.111745,1.11048,1.1091950000000002,1.11329,BUY,11,HOLD
2023-01-20 09:00:00,1,EUR/USD,1.11202,1.11239,1.11193,1.1122,3082,1.6,1.114147,1.110898,1.1137267796022507,1.1127079156344033,50.13159841844307,0.0012691715597688,0.0011706336262414,9.853793352738832e-05,1.1120795,1.1171005272591612,1.107058472740839,0.0014492857142857,1.11429,1.111745,1.110155,1.1091950000000002,1.11173,BUY,3,HOLD
2023-01-20 10:00:00,1,EUR/USD,1.1132,1.1132,1.11277,1.11296,3524,1.1,1.114279,1.110945,1.1135873651291142,1.112731923669222,53.3167606916872,0.0011313106702621,0.0011627690350455,-3.145836478338909e-05,1.1122735,1.117102719289675,1.1074442807103249,0.0014249999999999,1.11429,1.111745,1.110155,1.1091950000000002,1.10983,HOLD,9,SELL
2023-01-20 11:00:00,1,EUR/USD,1.1137,1.1137,1.11324,1.11331,1986,1.8,1.1143680000000002,1.1110196,1.1135369351056388,1.1127869785578677,54.7501413835533,0.0010383278004748,0.0011378807881314,-9.955298765656496e-05,1.1125075,1.1170376463901506,1.1079773536098494,0.0013692857142857,1.11429,1.111745,1.110195,1.1091950000000002,1.1095,HOLD,9,SELL
2023-01-20 12:00:00,1,EUR/USD,1.11213,1.11231,1.11213,1.11218,3522,1.2,1.1141549999999998,1.1110734,1.113290219631886,1.112729171076166,49.46896937430829,0.0008635027281289,0.0010830051761309,-0.0002195024480019,1.1127015,1.1167830903763616,1.1086199096236384,0.0013314285714285,1.11429,1.111745,1.11007,1.1091950000000002,1.10983,HOLD,3,HOLD
2023-01-20 13:00:00,1,EUR/USD,1.11422,1.11444,1.11338,1.11377,4084,0.8,1.114057,1.1111574,1.1133774524260889,1.1128282976403403,55.91300845070855,0.000843528637509,0.0010351098684065,-0.0001915812308975,1.11292,1.1167152602019377,1.1091247397980626,0.0013992857142857,1.11429,1.111745,1.11007,1.1091950000000002,1.10861,HOLD,9,HOLD
2023-01-20 14:00:00,1,EUR/USD,1.11454,1.11481,1.11308,1.1142,3376,1.5,1.114043,1.111279,1.113527006530436,1.1129589359603085,57.49180998025773,0.0008525685535474,0.0009986016054347,-0.0001460330518872,1.1130989999999998,1.1167732798793766,1.109424720120623,0.0014464285714285,1.11423,1.111745,1.11007,1.1091950000000002,1.10739,HOLD,9,HOLD
2023-01-20 15:00:00,1,EUR/USD,1.11491,1.11635,1.11491,1.11536,2260,1.5,1.113976,1.1113896,1.1138602780703568,1.113187608725993,61.49752978749496,0.0009424708404317,0.0009873754524341,-4.49046120023788e-05,1.1133395,1.1169402161568949,1.109738783843105,0.0015357142857142,1.11414,1.111745,1.11007,1.1091950000000002,1.10713,HOLD,11,HOLD
2023-01-20 16:00:00,1,EUR/USD,1.11607,1.11695,1.11543,1.11577,2216,1.3,1.113931,1.1114852,1.1142075002393828,1.113433550752089,62.83074742188576,0.0010348732493532,0.0009968750118179,3.799823753529615e-05,1.1136345,1.1169972649964688,1.110271735003531,0.0014714285714285,1.11444,1.111895,1.1101,1.1091950000000002,1.10758,BUY,11,HOLD
2023-01-20 17:00:00,1,EUR/USD,1.1161,1.11658,1.11526,1.11591,2751,1.0,1.114005,1.1115722,1.114517045650404,1.1136694030614138,63.29808041137366,0.0011066429629029,0.0010188286020349,8.781436086801177e-05,1.113902,1.1170811465257215,1.1107228534742783,0.0014892857142857,1.11444,1.111895,1.11004,1.10932,1.10895,BUY,11,HOLD
2023-01-20 18:00:00,1,EUR/USD,1.11855,1.11855,1.11754,1.1181,2056,1.6,1.114376,1.1117034,1.1151684918957852,1.1140913646746124,69.7131609212772,0.0013249623343405,0.001080055348496,0.0002449069858444,1.114229,1.117723590707216,1.1107344092927842,0.0016214285714285,1.11534,1.11388,1.1095,1.10932,,BUY,11,HOLD
2023-01-20 19:00:00,1,EUR/USD,1.11743,1.11823,1.11735,1.11756,7405,1.6,1.114912,1.1118056,1.115603311551097,1.114421710896078,66.6210145169009,0.0014378340659872,0.0011516110919943,0.0002862229739929,1.1145295000000002,1.1180871543130224,1.110971845686978,0.0015192857142857,1.11534,1.11388,1.1095,1.10932,,BUY,11,HOLD
2023-01-20 20:00:00,1,EUR/USD,1.11747,1.11747,1.11632,1.11719,3668,2.0,1.115335,1.111929,1.1158918003599885,1.1146853574774036,64.50965114116778,0.0014803650914543,0.0012173618918863,0.000263003199568,1.114807,1.1182804851299253,1.1113335148700745,0.0015392857142857,1.11534,1.11388,1.1095075,1.10932,,BUY,11,HOLD
2023-01-20 21:00:00,1,EUR/USD,1.11733,1.11825,1.11599,1.1177,2549,1.5,1.1157739999999998,1.1120678,1.1162205639308995,1.1149724662890796,66.10423541827134,0.0015375006231854,0.0012813896381461,0.0002561109850393,1.115071,1.1185829938856835,1.111559006114316,0.0016007142857142,1.115815,1.11388,1.10928,1.10932,,BUY,11,HOLD
2023-01-20 22:00:00,1,EUR/USD,1.11866,1.11866,1.11715,1.11813,2361,0.8,1.1163690000000002,1.1122282,1.116567734125281,1.1152731837853578,67.43285108327898,0.0015990455483516,0.0013449208201872,0.0002541247281644,1.115262,1.1190074736191875,1.1115165263808122,0.0016399999999999,1.11587,1.1142,1.10928,1.10932,,BUY,11,HOLD
2023-01-20 23:00:00,1,EUR/USD,1.11828,1.11842,1.11788,1.11797,3396,1.9,1.116789,1.1123688,1.1168226915570485,1.1155300234248475,66.3900586272637,0.0016162782327597,0.0013991923027017,0.000217085930058,1.1154229999999998,1.119348313799113,1.1114976862008867,0.0015028571428571,1.116785,1.114685,1.109355,1.10942,,BUY,11,HOLD
2023-01-21 00:00:00,1,EUR/USD,1.11643,1.11705,1.11635,1.1167,4664,2.0,1.117039,1.112469,1.1168003840012213,1.1156414497653382,58.6387171710564,0.0015100499572076,0.0014213638336029,8.868612360467547e-05,1.115541,1.1194711206624617,1.111610879337538,0.0015471428571428,1.11696,1.114685,1.1096075,1.10942,,BUY,9,HOLD
2023-01-21 01:00:00,1,EUR/USD,1.1164,1.1164,1.11595,1.116,2807,0.9,1.117103,1.1125858,1.1166548596373629,1.1156755974067345,54.83825246351417,0.0013537736734305,0.0014078458015684,-5.407212813786973e-05,1.1155395,1.1194688576548089,1.1116101423451914,0.0015478571428571,1.11696,1.1150099999999998,1.1096075,1.10942,,HOLD,9,SELL
2023-01-21 02:00:00,1,EUR/USD,1.11517,1.11553,1.11517,1.11542,2728,1.1,1.117068,1.1127044,1.1164303397032966,1.1156512547965691,51.84023622878006,0.001169639563082,0.0013602045538711,-0.0001905649907891,1.1154995,1.1194159563736583,1.1115830436263412,0.0015228571428571,1.116915,1.115295,1.109635,1.10942,,HOLD,3,HOLD
2023-01-21 03:00:00,1,EUR/USD,1.11349,1.11464,1.11344,1.11369,5043,1.2,1.116846,1.1127694,1.115932096120879,1.115464468625467,44.09640539070766,0.0008740400229163,0.0012629716476802,-0.0003889316247638,1.1154255000000002,1.119423254501353,1.1114277454986474,0.0015028571428571,1.11605,1.115295,1.1102825,1.109455,,HOLD,3,HOLD
2023-01-21 04:00:00,1,EUR/USD,1.11272,1.11335,1.11272,1.11315,2373,1.1,1.116351,1.1128346,1.1154262604625371,1.1152440430420894,41.98803305480711,0.0005894074484511,0.0011282588078343,-0.0005388513593832,1.1153635,1.119465962803376,1.1112610371966238,0.0014485714285714,1.1156899999999998,1.115295,1.1114675,1.11058,,HOLD,3,HOLD
2023-01-21 05:00:00,1,EUR/USD,1.11365,1.11365,1.11317,1.11335,2464,1.0,1.11593,1.11291,1.1150487585602578,1.1150636579904618,43.073648326324665,0.0003756422411242,0.0009777354944923,-0.000602093253368,1.115421,1.1193659842906007,1.1114760157093992,0.0013307142857143,1.1156899999999998,1.115295,1.1116625,1.1107749999999998,,HOLD,3,HOLD
2023-01-21 06:00:00,1,EUR/USD,1.11272,1.11379,1.11272,1.11332,2490,1.5,1.1155430000000002,1.1129922,1.114734438822029,1.1148975953247036,42.94382549608223,0.0002014883921801,0.0008224860740299,-0.0006209976818497,1.115439,1.1193397416299484,1.1115382583700515,0.0012935714285714,1.1156899999999998,1.115295,1.1116625,1.1107749999999998,,HOLD,3,HOLD
2023-01-21 07:00:00,1,EUR/USD,1.11318,1.1143,1.11318,1.11365,4405,1.4,1.1151380000000002,1.1130532,1.1145372681271146,1.1147787767223507,44.9106643079504,8.907169124472425e-05,0.0006758031974728,-0.0005867315062281,1.115456,1.1193204691880927,1.111591530811907,0.0012792857142857,1.11557,1.115295,1.11247,1.11145,,HOLD,3,HOLD
2023-01-21 08:00:00,1,EUR/USD,1.11338,1.11403,1.11305,1.11356,2811,1.4,1.114681,1.1131152,1.1143595830130937,1.1146627027487934,44.46051182825162,-7.198620784354404e-06,0.0005392028338214,-0.0005464014546057,1.115525,1.1191871678941123,1.111862832105888,0.0011607142857143,1.114885,1.115295,1.1127125,1.11145,,HOLD,2,HOLD
2023-01-21 09:00:00,1,EUR/USD,1.11323,1.11323,1.11194,1.11285,4191,1.8,1.114169,1.113182,1.1140851133743492,1.1144900643917657,40.97160439289712,-0.0001391802200003,0.000403526223057,-0.0005427064430574,1.115479,1.1192553190097785,1.1117026809902215,0.0012135714285714,1.11417,1.115295,1.1127125,1.11145,,HOLD,2,HOLD
2023-01-21 10:00:00,1,EUR/USD,1.11358,1.11437,1.11314,1.11329,2908,1.7,1.113828,1.1132482,1.1139405473062856,1.1143757725449306,43.909150124889976,-0.0002058987923778,0.00028164121997,-0.0004875400123479,1.1154335000000002,1.1192956579733333,1.111571342026667,0.0012335714285714,1.113735,1.115295,1.1128749999999998,1.111745,,HOLD,2,HOLD
2023-01-21 11:00:00,1,EUR/USD,1.11159,1.11358,1.11091,1.11173,5003,1.8,1.113401,1.1133038,1.1135386296142336,1.114123794207318,36.89807073269532,-0.0003802691976035,0.0001492591364553,-0.0005295283340589,1.115252,1.1194548541681035,1.1110491458318963,0.0012628571428571,1.112775,1.114785,1.1130175,1.111745,,HOLD,0,HOLD
2023-01-21 12:00:00,1,EUR/USD,1.10974,1.11035,1.10897,1.10983,2639,1.9,1.112842,1.1133372,1.1128643333207364,1.113714861425669,30.50858925130824,-0.0006641175869104,-1.3416208217802058e-05,-0.0006507013786926,1.114955,1.1197949543277994,1.1101150456722009,0.0013521428571429,1.1116700000000002,1.113815,1.1130175,1.111745,,SELL,0,HOLD
2023-01-21 13:00:00,1,EUR/USD,1.10938,1.10965,1.10881,1.1095,11411,1.6,1.1124230000000002,1.1133544,1.1122526363533296,1.1133134460517955,29.551424948044243,-0.0009052624208469,-0.0001917854507436,-0.0007134769701033,1.1146345,1.1200257227887869,1.109243277211213,0.0013864285714286,1.11159,1.113735,1.1130175,1.111745,,HOLD,0,HOLD
2023-01-21 14:00:00,1,EUR/USD,1.10944,1.11067,1.10901,1.10983,3322,1.0,1.112091,1.1133556,1.1118121570163606,1.1129816892849578,31.85386509079628,-0.0010575523913574,-0.0003649388388663,-0.000692613552491,1.114221,1.1197596485146517,1.1086823514853483,0.0013892857142857,1.11159,1.113735,1.1130175,1.111745,,SELL,0,HOLD
2023-01-21 15:00:00,1,EUR/USD,1.10876,1.10912,1.10822,1.10861,2403,1.1,1.111617,1.1133236000000002,1.1112299466497495,1.1125653379244858,28.186241285592743,-0.0012621379535366,-0.0005443786618004,-0.0007177592917362,1.1137735,1.119614250762882,1.1079327492371178,0.0014507142857143,1.111295,1.11344,1.1130175,1.111745,,HOLD,0,HOLD
2023-01-21 16:00:00,1,EUR/USD,1.10722,1.10751,1.10671,1.10739,2081,1.5,1.111024,1.1132898,1.1105317745316132,1.1120724485983442,25.076818564758383,-0.001505364385973,-0.0007365758066349,-0.000768788579338,1.1132835,1.1195464714656354,1.1070205285343648,0.0015271428571429,1.11054,1.112685,1.1129875,1.111745,,HOLD,0,HOLD
2023-01-21 17:00:00,1,EUR/USD,1.1073,1.10735,1.10687,1.10713,1828,1.1,1.110372,1.1132598,1.10991327007132,1.1116017392080255,24.45758333091589,-0.0016995119967311,-0.0009291630446542,-0.0007703489520769,1.112755,1.1192291055062198,1.10628089449378,0.0014228571428572,1.11054,1.112685,1.1129425,1.111745,,HOLD,0,HOLD
2023-01-21 18:00:00,1,EUR/USD,1.10729,1.10775,1.10712,1.10758,3894,1.7,1.109774,1.1132454,1.1094890391492618,1.111218716426309,27.78152462407786,-0.0017963568541998,-0.0011026018065633,-0.0006937550476365,1.1122275,1.1185755883985795,1.1058794116014206,0.0013985714285714,1.11054,1.112685,1.1131675,1.111895,,HOLD,0,HOLD
2023-01-21 19:00:00,1,EUR/USD,1.10871,1.10902,1.10829,1.10895,2615,1.4,1.109384,1.1132364,1.109391032031214,1.111002648195232,36.88647845058363,-0.0017424734023114,-0.0012305761257129,-0.0005118972765985,1.1117765000000002,1.1176723371576782,1.105880662842322,0.0014657142857143,1.1101450000000002,1.112685,1.1131675,1.111895,,SELL,0,HOLD
